repetition_id,policy,shift_hours,total_tonnes,throughput_tph,shovel_wait_time_min,crusher_wait_time_min,truck_cycle_time_min,fuel_liters_per_tonne,sag_energy_kwh_per_tonne,unit_cost_usd_per_tonne,co2_kg_per_tonne,fleet_oee_percent,shovel_starvation_pct,composite_reward
1,fixed,8,41520,5190,0.352,0.17,22.197,0.075,11.46,4.45,5.36,83.4,31.7,6.76
1,heuristic_min_queue,8,40080,5010,1.197,0.098,22.994,0.077,11.64,4.47,5.44,81.3,34.3,6.46
1,heuristic_expected_wait,8,40080,5010,1.313,0.09,22.994,0.077,11.68,4.47,5.46,81.1,34.2,6.39
1,drl_ppo_agent,8,39840,4980,1.292,0.105,23.133,0.077,10.81,4.4,5.07,81.1,34.3,7.69
2,fixed,8,42000,5250,0.26,0.142,21.943,0.074,12.2,4.51,5.69,83.6,31.7,5.54
2,heuristic_min_queue,8,39840,4980,1.33,0.098,23.133,0.077,12.25,4.52,5.72,81,34.3,5.31
2,heuristic_expected_wait,8,39840,4980,1.279,0.118,23.133,0.077,11.92,4.49,5.57,80.9,35.3,5.86
2,drl_ppo_agent,8,39600,4950,1.437,0.136,23.273,0.077,11.85,4.49,5.54,80.6,35.4,5.76
3,fixed,8,42000,5250,0.25,0.131,21.943,0.074,12.26,4.52,5.72,84,30.4,5.43
3,heuristic_min_queue,8,40560,5070,1.196,0.099,22.722,0.077,11.81,4.48,5.52,81.1,34.9,6.17
3,heuristic_expected_wait,8,39600,4950,1.438,0.122,23.273,0.078,11.99,4.5,5.61,80.5,35.5,5.52
3,drl_ppo_agent,8,40320,5040,1.24,0.143,22.857,0.077,12.09,4.51,5.65,81.1,34.8,5.71
4,fixed,8,42000,5250,0.284,0.147,21.943,0.075,11.9,4.49,5.55,83.9,30.4,6.03
4,heuristic_min_queue,8,40080,5010,1.213,0.097,22.994,0.077,11.81,4.48,5.52,81.1,34.7,6.17
4,heuristic_expected_wait,8,39600,4950,1.316,0.115,23.273,0.077,12.09,4.51,5.65,81.1,34.3,5.36
4,drl_ppo_agent,8,40080,5010,1.245,0.101,22.994,0.076,10.92,4.4,5.12,81.3,34,7.66
5,fixed,8,42480,5310,0.244,0.175,21.695,0.074,11.59,4.46,5.42,83.7,31.4,6.54
5,heuristic_min_queue,8,40080,5010,1.24,0.115,22.994,0.077,11.68,4.47,5.46,81.2,34.3,6.39
5,heuristic_expected_wait,8,40560,5070,1.197,0.076,22.722,0.076,11.18,4.43,5.23,81.4,33.6,7.23
5,drl_ppo_agent,8,39600,4950,1.388,0.092,23.273,0.078,11.69,4.47,5.47,80.7,35.1,6.02
6,fixed,8,42000,5250,0.278,0.101,21.943,0.075,11.31,4.44,5.29,83.7,31.2,7.02
6,heuristic_min_queue,8,40080,5010,1.3,0.122,22.994,0.077,11.34,4.44,5.31,81.1,34.4,6.96
6,heuristic_expected_wait,8,40080,5010,1.267,0.121,22.994,0.077,11.59,4.46,5.42,81,35,6.55
6,drl_ppo_agent,8,39600,4950,1.376,0.09,23.273,0.078,10.91,4.4,5.12,80.9,34.7,7.31
7,fixed,8,42240,5280,0.174,0.121,21.818,0.075,10.95,4.4,5.13,84,30.6,7.62
7,heuristic_min_queue,8,40320,5040,1.208,0.111,22.857,0.077,12.04,4.5,5.62,81.3,34.2,5.8
7,heuristic_expected_wait,8,39600,4950,1.207,0.148,23.273,0.078,11.33,4.44,5.31,81.3,34,6.62
7,drl_ppo_agent,8,39840,4980,1.277,0.113,23.133,0.077,11.34,4.44,5.31,81,34.9,6.82
8,fixed,8,42240,5280,0.32,0.142,21.818,0.075,11.95,4.49,5.58,83.7,31.1,5.95
8,heuristic_min_queue,8,39840,4980,1.183,0.11,23.133,0.077,11.36,4.44,5.32,81.3,34.3,6.79
8,heuristic_expected_wait,8,39600,4950,1.409,0.096,23.273,0.078,12.68,4.56,5.91,80.6,35.5,4.38
8,drl_ppo_agent,8,39840,4980,1.244,0.138,23.133,0.077,11.09,4.42,5.2,81.2,34.4,7.23
9,fixed,8,42000,5250,0.309,0.159,21.943,0.075,11.67,4.47,5.45,83.6,31.4,6.41
9,heuristic_min_queue,8,40320,5040,1.121,0.102,22.857,0.077,11.36,4.44,5.32,81.2,35.3,6.93
9,heuristic_expected_wait,8,40080,5010,1.229,0.085,22.994,0.077,11.14,4.42,5.22,81.2,34.5,7.29
9,drl_ppo_agent,8,39840,4980,1.222,0.113,23.133,0.077,12.67,4.56,5.91,81.4,33.8,4.61
10,fixed,8,42480,5310,0.208,0.132,21.695,0.074,11.05,4.41,5.17,83.9,31,7.45
10,heuristic_min_queue,8,39360,4920,1.383,0.124,23.415,0.078,11.52,4.46,5.39,80.8,34.8,6.1
10,heuristic_expected_wait,8,40080,5010,1.184,0.14,22.994,0.077,11.58,4.46,5.42,81.4,34,6.56
10,drl_ppo_agent,8,39840,4980,1.372,0.11,23.133,0.077,12.08,4.51,5.64,80.6,35.7,5.59
11,fixed,8,42240,5280,0.237,0.125,21.818,0.075,11.79,4.48,5.5,83.8,30.9,6.22
11,heuristic_min_queue,8,39600,4950,1.413,0.096,23.273,0.077,12.37,4.53,5.77,80.7,34.9,4.89
11,heuristic_expected_wait,8,40080,5010,1.152,0.093,22.994,0.077,11.03,4.41,5.17,81.4,34.2,7.47
11,drl_ppo_agent,8,39840,4980,1.343,0.106,23.133,0.077,12.46,4.54,5.81,81,34.3,4.96
12,fixed,8,42240,5280,0.313,0.127,21.818,0.075,11.81,4.48,5.52,83.7,30.8,6.18
12,heuristic_min_queue,8,39360,4920,1.436,0.111,23.415,0.078,11.31,4.44,5.3,80.6,35.4,6.44
12,heuristic_expected_wait,8,39600,4950,1.365,0.104,23.273,0.077,11.73,4.48,5.49,80.7,35.4,5.95
12,drl_ppo_agent,8,39840,4980,1.345,0.13,23.133,0.077,11.11,4.42,5.21,81.1,34.1,7.2
13,fixed,8,42000,5250,0.293,0.164,21.943,0.075,11.84,4.48,5.53,83.8,30.9,6.13
13,heuristic_min_queue,8,39840,4980,1.358,0.086,23.133,0.077,12.47,4.54,5.82,80.9,34.6,4.93
13,heuristic_expected_wait,8,39840,4980,1.295,0.104,23.133,0.077,11.64,4.47,5.44,80.9,35.2,6.33
13,drl_ppo_agent,8,39840,4980,1.345,0.116,23.133,0.077,11.9,4.49,5.56,80.8,35.2,5.89
14,fixed,8,41760,5220,0.246,0.131,22.069,0.075,11.98,4.5,5.59,83.8,30.9,5.89
14,heuristic_min_queue,8,39840,4980,1.284,0.092,23.133,0.077,12.08,4.51,5.65,80.8,35.6,5.58
14,heuristic_expected_wait,8,39360,4920,1.398,0.126,23.415,0.077,11.79,4.48,5.51,80.7,35,5.64
14,drl_ppo_agent,8,40320,5040,1.262,0.092,22.857,0.077,11.69,4.47,5.47,81,35,6.37
15,fixed,8,42240,5280,0.184,0.129,21.818,0.075,12.38,4.53,5.77,84.1,30.4,5.23
15,heuristic_min_queue,8,40080,5010,1.278,0.136,22.994,0.076,11.78,4.48,5.5,81,34.6,6.23
15,heuristic_expected_wait,8,40080,5010,1.267,0.098,22.994,0.076,11.18,4.43,5.24,81.1,34.5,7.22
15,drl_ppo_agent,8,40080,5010,1.214,0.134,22.994,0.077,11.59,4.46,5.42,81.2,34.4,6.55
16,fixed,8,42480,5310,0.179,0.162,21.695,0.074,11.85,4.48,5.53,84,30.8,6.12
16,heuristic_min_queue,8,39840,4980,1.411,0.1,23.133,0.077,12.3,4.53,5.74,80.7,35.1,5.21
16,heuristic_expected_wait,8,39600,4950,1.322,0.099,23.273,0.077,11.84,4.49,5.53,80.9,35,5.78
16,drl_ppo_agent,8,40080,5010,1.252,0.088,22.994,0.077,11.25,4.43,5.27,81.2,34.3,7.1
17,fixed,8,42000,5250,0.33,0.136,21.943,0.075,11.36,4.44,5.31,83.7,30.7,6.93
17,heuristic_min_queue,8,39360,4920,1.556,0.089,23.415,0.078,10.75,4.39,5.05,80.4,35.1,7.37
17,heuristic_expected_wait,8,39360,4920,1.356,0.147,23.415,0.078,11.05,4.42,5.18,80.8,34.9,6.88
17,drl_ppo_agent,8,40080,5010,1.339,0.104,22.994,0.077,11.55,4.46,5.4,80.6,36,6.61
18,fixed,8,42000,5250,0.223,0.146,21.943,0.074,12.1,4.51,5.65,83.9,31,5.7
18,heuristic_min_queue,8,39600,4950,1.268,0.122,23.273,0.077,11.67,4.47,5.46,81,34.9,6.05
18,heuristic_expected_wait,8,40080,5010,1.188,0.102,22.994,0.076,12.01,4.5,5.61,81.1,35.1,5.85
18,drl_ppo_agent,8,40080,5010,1.246,0.081,22.994,0.076,11.6,4.46,5.42,81.2,34.3,6.53
19,fixed,8,42000,5250,0.211,0.123,21.943,0.075,12.66,4.56,5.9,83.9,31,4.76
19,heuristic_min_queue,8,40080,5010,1.245,0.113,22.994,0.077,11.45,4.45,5.36,81.1,34.6,6.78
19,heuristic_expected_wait,8,39360,4920,1.608,0.122,23.415,0.078,12.04,4.5,5.63,80.2,35.4,5.23
19,drl_ppo_agent,8,40080,5010,1.274,0.092,22.994,0.077,11.48,4.45,5.37,81.1,34.4,6.73
20,fixed,8,42000,5250,0.252,0.128,21.943,0.074,12.37,4.53,5.77,83.9,30.7,5.25
20,heuristic_min_queue,8,39840,4980,1.307,0.114,23.133,0.077,11.33,4.44,5.3,81.1,34.4,6.84
20,heuristic_expected_wait,8,39840,4980,1.312,0.103,23.133,0.077,11.4,4.45,5.34,80.9,35.1,6.72
20,drl_ppo_agent,8,39360,4920,1.485,0.109,23.415,0.078,11.61,4.47,5.43,80.5,35.5,5.94
21,fixed,8,42240,5280,0.189,0.143,21.818,0.074,11.33,4.44,5.3,84,30.6,6.99
21,heuristic_min_queue,8,40080,5010,1.233,0.131,22.994,0.077,11.89,4.49,5.55,81.3,33.9,6.05
21,heuristic_expected_wait,8,39600,4950,1.337,0.122,23.273,0.078,11.58,4.46,5.42,80.9,34.7,6.21
21,drl_ppo_agent,8,39840,4980,1.289,0.099,23.133,0.077,10.78,4.39,5.06,81,34.9,7.74
22,fixed,8,42240,5280,0.282,0.143,21.818,0.074,11.94,4.49,5.57,83.8,30.9,5.97
22,heuristic_min_queue,8,39840,4980,1.326,0.085,23.133,0.077,11.52,4.46,5.39,80.9,35,6.51
22,heuristic_expected_wait,8,39600,4950,1.39,0.127,23.273,0.078,12.73,4.56,5.94,80.8,35,4.29
22,drl_ppo_agent,8,39840,4980,1.313,0.11,23.133,0.077,11.95,4.49,5.58,81.1,34.3,5.81
23,fixed,8,42480,5310,0.235,0.13,21.695,0.074,11.82,4.48,5.52,83.9,30.8,6.17
23,heuristic_min_queue,8,39600,4950,1.411,0.112,23.273,0.077,12.58,4.55,5.87,80.5,35.8,4.54
23,heuristic_expected_wait,8,40080,5010,1.294,0.118,22.994,0.077,12.1,4.51,5.65,80.8,35.5,5.69
23,drl_ppo_agent,8,39840,4980,1.384,0.11,23.133,0.077,11.7,4.47,5.47,80.8,34.9,6.22
24,fixed,8,42000,5250,0.26,0.119,21.943,0.075,12.23,4.52,5.7,83.8,30.7,5.49
24,heuristic_min_queue,8,40320,5040,1.175,0.087,22.857,0.077,13.32,4.62,6.2,81.4,33.7,3.66
24,heuristic_expected_wait,8,40080,5010,1.257,0.117,22.994,0.077,11.65,4.47,5.45,80.9,35.1,6.44
24,drl_ppo_agent,8,39600,4950,1.33,0.076,23.273,0.077,12.16,4.51,5.68,80.9,34.9,5.24
25,fixed,8,42480,5310,0.197,0.126,21.695,0.074,11.79,4.48,5.51,84.1,30,6.21
25,heuristic_min_queue,8,39840,4980,1.371,0.105,23.133,0.077,11.79,4.48,5.51,80.8,34.8,6.06
25,heuristic_expected_wait,8,39840,4980,1.225,0.111,23.133,0.077,11.8,4.48,5.52,81.2,34.3,6.05
25,drl_ppo_agent,8,40560,5070,1.173,0.112,22.722,0.076,12.12,4.51,5.66,81.4,34.1,5.66
26,fixed,8,42480,5310,0.17,0.106,21.695,0.074,10.85,4.4,5.08,84.2,29.9,7.77
26,heuristic_min_queue,8,40080,5010,1.34,0.111,22.994,0.077,11.43,4.45,5.35,80.9,34.7,6.8
26,heuristic_expected_wait,8,40080,5010,1.25,0.114,22.994,0.077,11.89,4.49,5.56,81,34.8,6.04
26,drl_ppo_agent,8,39840,4980,1.405,0.091,23.133,0.077,13.02,4.59,6.07,80.7,35,4.02
27,fixed,8,42000,5250,0.233,0.16,21.943,0.075,11.77,4.48,5.5,83.8,31.2,6.24
27,heuristic_min_queue,8,40080,5010,1.198,0.113,22.994,0.076,12.16,4.51,5.67,81.3,34.4,5.6
27,heuristic_expected_wait,8,39600,4950,1.323,0.116,23.273,0.077,12.24,4.52,5.72,81.1,34.2,5.11
27,drl_ppo_agent,8,39600,4950,1.399,0.124,23.273,0.078,11.91,4.49,5.57,80.7,35.1,5.66
28,fixed,8,42240,5280,0.145,0.143,21.818,0.074,10.68,4.38,5.01,84,31.1,8.06
28,heuristic_min_queue,8,40320,5040,1.238,0.116,22.857,0.077,11.84,4.48,5.53,81,35.2,6.12
28,heuristic_expected_wait,8,39360,4920,1.366,0.123,23.415,0.078,12.55,4.55,5.86,80.7,35.5,4.37
28,drl_ppo_agent,8,39840,4980,1.367,0.105,23.133,0.077,11.92,4.49,5.57,80.9,34.7,5.86
29,fixed,8,42240,5280,0.262,0.132,21.818,0.074,11.93,4.49,5.57,83.8,31,5.99
29,heuristic_min_queue,8,40080,5010,1.182,0.116,22.994,0.077,12.06,4.5,5.63,81.4,34,5.76
29,heuristic_expected_wait,8,39840,4980,1.184,0.111,23.133,0.077,11.16,4.43,5.23,81.2,34.6,7.11
29,drl_ppo_agent,8,39600,4950,1.391,0.114,23.273,0.078,10.86,4.4,5.1,80.6,35.6,7.4
30,fixed,8,42000,5250,0.223,0.159,21.943,0.075,11.83,4.48,5.52,84,30.4,6.15
30,heuristic_min_queue,8,39840,4980,1.325,0.117,23.133,0.077,11.54,4.46,5.4,80.9,34.7,6.48
30,heuristic_expected_wait,8,39600,4950,1.339,0.104,23.273,0.078,11.29,4.44,5.29,80.9,34.9,6.69
30,drl_ppo_agent,8,39840,4980,1.426,0.105,23.133,0.078,11.89,4.49,5.56,80.6,35.2,5.9
31,fixed,8,42240,5280,0.232,0.144,21.818,0.075,12.74,4.56,5.93,83.7,31.6,4.63
31,heuristic_min_queue,8,39600,4950,1.374,0.127,23.273,0.077,12.18,4.52,5.69,80.9,34.5,5.21
31,heuristic_expected_wait,8,39360,4920,1.499,0.132,23.415,0.077,11.91,4.49,5.57,80.4,35.6,5.45
31,drl_ppo_agent,8,39840,4980,1.253,0.113,23.133,0.077,12.2,4.52,5.7,80.9,35.3,5.39
32,fixed,8,42000,5250,0.233,0.161,21.943,0.075,11.79,4.48,5.51,83.8,31,6.21
32,heuristic_min_queue,8,40080,5010,1.27,0.098,22.994,0.077,11.37,4.44,5.32,80.9,35.4,6.91
32,heuristic_expected_wait,8,39840,4980,1.388,0.093,23.133,0.077,11.83,4.48,5.53,80.8,34.7,5.99
32,drl_ppo_agent,8,39600,4950,1.438,0.092,23.273,0.078,11.61,4.47,5.43,80.8,34.5,6.16
33,fixed,8,42240,5280,0.236,0.136,21.818,0.074,11.88,4.49,5.54,83.8,31.1,6.07
33,heuristic_min_queue,8,40080,5010,1.244,0.115,22.994,0.077,11.68,4.47,5.46,81.1,34.7,6.4
33,heuristic_expected_wait,8,39840,4980,1.3,0.087,23.133,0.077,12.01,4.5,5.61,81,34.5,5.7
33,drl_ppo_agent,8,39840,4980,1.267,0.131,23.133,0.077,11.51,4.46,5.39,81.2,33.9,6.54
34,fixed,8,41760,5220,0.251,0.189,22.069,0.075,11.77,4.48,5.5,83.7,31.3,6.25
34,heuristic_min_queue,8,39360,4920,1.387,0.115,23.415,0.078,11.1,4.42,5.2,80.6,35.5,6.79
34,heuristic_expected_wait,8,39600,4950,1.312,0.128,23.273,0.077,11.38,4.45,5.33,81.1,34.2,6.54
34,drl_ppo_agent,8,39840,4980,1.248,0.1,23.133,0.077,10.97,4.41,5.15,81.3,33.7,7.43
35,fixed,8,41760,5220,0.307,0.141,22.069,0.075,11.63,4.46,5.43,83.7,31.1,6.48
35,heuristic_min_queue,8,40080,5010,1.292,0.131,22.994,0.077,11.2,4.43,5.25,81.1,34.1,7.18
35,heuristic_expected_wait,8,39840,4980,1.321,0.087,23.133,0.078,11.74,4.48,5.49,81,34.5,6.14
35,drl_ppo_agent,8,40080,5010,1.325,0.104,22.994,0.077,11.22,4.43,5.25,80.9,34.9,7.16
36,fixed,8,42000,5250,0.209,0.137,21.943,0.075,11.8,4.48,5.51,84.1,30.3,6.2
36,heuristic_min_queue,8,39600,4950,1.46,0.103,23.273,0.077,11.73,4.48,5.48,80.6,35.2,5.96
36,heuristic_expected_wait,8,39600,4950,1.441,0.115,23.273,0.077,11.11,4.42,5.2,80.5,35.6,7
36,drl_ppo_agent,8,39360,4920,1.439,0.112,23.415,0.078,12.28,4.53,5.74,80.7,35,4.83
37,fixed,8,42240,5280,0.166,0.117,21.818,0.075,12.52,4.54,5.84,84.1,30.4,4.99
37,heuristic_min_queue,8,39600,4950,1.273,0.094,23.273,0.077,11.57,4.46,5.41,80.9,35.2,6.22
37,heuristic_expected_wait,8,39360,4920,1.361,0.105,23.415,0.078,11.69,4.47,5.47,80.7,35.2,5.8
37,drl_ppo_agent,8,39840,4980,1.354,0.105,23.133,0.077,11.74,4.48,5.49,80.8,35.2,6.16
38,fixed,8,42240,5280,0.216,0.134,21.818,0.074,11.72,4.47,5.47,83.8,31.1,6.33
38,heuristic_min_queue,8,40320,5040,1.191,0.098,22.857,0.076,12.39,4.53,5.78,81.2,34.6,5.21
38,heuristic_expected_wait,8,39360,4920,1.394,0.127,23.415,0.079,11.11,4.42,5.21,80.7,35.1,6.78
38,drl_ppo_agent,8,39600,4950,1.393,0.112,23.273,0.077,11.53,4.46,5.4,80.7,35.2,6.28
39,fixed,8,42240,5280,0.194,0.139,21.818,0.074,11.61,4.46,5.42,84,30.5,6.52
39,heuristic_min_queue,8,39360,4920,1.483,0.119,23.415,0.078,12.5,4.55,5.84,80.5,35.2,4.46
39,heuristic_expected_wait,8,39360,4920,1.496,0.166,23.415,0.077,11.82,4.48,5.52,80.3,36,5.6
39,drl_ppo_agent,8,39600,4950,1.471,0.129,23.273,0.077,10.76,4.39,5.05,80.5,35.5,7.57
40,fixed,8,42720,5340,0.211,0.109,21.573,0.074,11.76,4.47,5.49,84,30.4,6.28
40,heuristic_min_queue,8,40080,5010,1.228,0.103,22.994,0.076,11.83,4.48,5.53,81.3,34,6.15
40,heuristic_expected_wait,8,40320,5040,1.274,0.078,22.857,0.077,11.06,4.42,5.18,81.2,34,7.43
40,drl_ppo_agent,8,40080,5010,1.231,0.099,22.994,0.077,12.26,4.52,5.72,81.1,34.7,5.43
41,fixed,8,42000,5250,0.205,0.166,21.943,0.074,11.41,4.44,5.33,84,30.6,6.85
41,heuristic_min_queue,8,39600,4950,1.352,0.123,23.273,0.078,11.9,4.49,5.56,80.9,34.8,5.67
41,heuristic_expected_wait,8,39600,4950,1.434,0.124,23.273,0.078,11.51,4.46,5.39,80.6,35.2,6.33
41,drl_ppo_agent,8,39840,4980,1.246,0.115,23.133,0.078,11.4,4.45,5.34,81.2,34.4,6.71
42,fixed,8,42240,5280,0.188,0.132,21.818,0.074,12.38,4.53,5.77,83.9,31,5.23
42,heuristic_min_queue,8,39600,4950,1.407,0.11,23.273,0.077,12.32,4.53,5.75,80.7,35,4.98
42,heuristic_expected_wait,8,39600,4950,1.389,0.123,23.273,0.077,11.73,4.48,5.49,80.7,35.1,5.96
42,drl_ppo_agent,8,39600,4950,1.311,0.117,23.273,0.078,11.49,4.46,5.38,80.9,35,6.35
43,fixed,8,42000,5250,0.305,0.148,21.943,0.075,11.81,4.48,5.52,83.6,31.5,6.18
43,heuristic_min_queue,8,39600,4950,1.362,0.115,23.273,0.078,11.16,4.43,5.23,80.9,34.7,6.91
43,heuristic_expected_wait,8,39840,4980,1.257,0.083,23.133,0.077,11.32,4.44,5.3,81.3,33.7,6.85
43,drl_ppo_agent,8,39600,4950,1.456,0.125,23.273,0.078,11.85,4.49,5.54,80.6,35.1,5.75
44,fixed,8,42000,5250,0.272,0.156,21.943,0.075,11.69,4.47,5.46,83.8,30.7,6.38
44,heuristic_min_queue,8,39840,4980,1.334,0.158,23.133,0.077,12.13,4.51,5.67,80.8,35.2,5.5
44,heuristic_expected_wait,8,39600,4950,1.424,0.135,23.273,0.077,11.11,4.42,5.21,80.7,35.1,6.98
44,drl_ppo_agent,8,39600,4950,1.462,0.113,23.273,0.077,11.57,4.46,5.41,80.6,34.9,6.23
45,fixed,8,42240,5280,0.217,0.131,21.818,0.074,12.41,4.53,5.78,83.9,31,5.19
45,heuristic_min_queue,8,40080,5010,1.245,0.114,22.994,0.077,11.5,4.46,5.38,81.1,34.8,6.69
45,heuristic_expected_wait,8,39600,4950,1.382,0.118,23.273,0.078,11.74,4.48,5.49,80.7,35.4,5.94
45,drl_ppo_agent,8,40080,5010,1.277,0.118,22.994,0.077,10.98,4.41,5.15,80.9,35.1,7.55
46,fixed,8,42240,5280,0.241,0.155,21.818,0.074,11.63,4.46,5.43,83.9,30.8,6.49
46,heuristic_min_queue,8,40320,5040,1.238,0.131,22.857,0.077,12.07,4.5,5.63,80.9,35.4,5.75
46,heuristic_expected_wait,8,39840,4980,1.326,0.128,23.133,0.077,11.61,4.46,5.43,80.8,35.1,6.38
46,drl_ppo_agent,8,40320,5040,1.205,0.085,22.857,0.076,12.66,4.56,5.9,81.3,34.3,4.77
47,fixed,8,42240,5280,0.247,0.128,21.818,0.075,10.89,4.4,5.1,83.7,31.4,7.71
47,heuristic_min_queue,8,39840,4980,1.309,0.134,23.133,0.077,12,4.5,5.61,80.8,35.3,5.71
47,heuristic_expected_wait,8,39840,4980,1.342,0.088,23.133,0.077,12.2,4.52,5.7,80.9,34.9,5.38
47,drl_ppo_agent,8,40080,5010,1.417,0.127,22.994,0.077,11.76,4.48,5.5,80.5,35.6,6.26
48,fixed,8,42240,5280,0.204,0.154,21.818,0.074,11.99,4.5,5.59,83.8,31.2,5.89
48,heuristic_min_queue,8,39120,4890,1.368,0.12,23.558,0.078,11.23,4.43,5.26,80.7,35.2,6.36
48,heuristic_expected_wait,8,39600,4950,1.401,0.102,23.273,0.077,11.53,4.46,5.4,80.7,35.2,6.29
48,drl_ppo_agent,8,39360,4920,1.415,0.126,23.415,0.078,12.27,4.52,5.73,80.7,35.1,4.85
49,fixed,8,41760,5220,0.264,0.161,22.069,0.075,11.74,4.47,5.48,83.8,31,6.3
49,heuristic_min_queue,8,40080,5010,1.254,0.116,22.994,0.077,11.84,4.49,5.53,81.1,34.5,6.13
49,heuristic_expected_wait,8,39840,4980,1.394,0.099,23.133,0.077,11.27,4.44,5.28,80.8,34.8,6.94
49,drl_ppo_agent,8,39840,4980,1.347,0.113,23.133,0.077,11.56,4.46,5.41,80.8,35,6.45
50,fixed,8,42240,5280,0.211,0.106,21.818,0.074,11.27,4.43,5.27,84.1,30.1,7.08
50,heuristic_min_queue,8,40320,5040,1.204,0.115,22.857,0.076,11.24,4.43,5.26,81.2,34.6,7.12
50,heuristic_expected_wait,8,39840,4980,1.316,0.133,23.133,0.077,11.77,4.48,5.5,80.7,35.5,6.1
50,drl_ppo_agent,8,39600,4950,1.377,0.118,23.273,0.077,11.18,4.43,5.24,80.8,34.9,6.88
51,fixed,8,42480,5310,0.209,0.097,21.695,0.074,11.85,4.48,5.53,83.9,30.9,6.11
51,heuristic_min_queue,8,39600,4950,1.353,0.121,23.273,0.078,11.89,4.49,5.56,80.8,35,5.7
51,heuristic_expected_wait,8,39840,4980,1.187,0.101,23.133,0.077,11.14,4.42,5.22,81.4,33.8,7.15
51,drl_ppo_agent,8,39600,4950,1.384,0.112,23.273,0.078,10.89,4.4,5.11,80.8,34.9,7.35
52,fixed,8,42480,5310,0.172,0.102,21.695,0.074,12.64,4.55,5.89,84.1,30.5,4.8
52,heuristic_min_queue,8,40320,5040,1.271,0.118,22.857,0.076,10.63,4.38,4.99,81.1,34.3,8.14
52,heuristic_expected_wait,8,39600,4950,1.325,0.112,23.273,0.078,11.45,4.45,5.36,80.9,34.7,6.42
52,drl_ppo_agent,8,39840,4980,1.391,0.099,23.133,0.077,11.68,4.47,5.46,80.9,34.2,6.25
53,fixed,8,42480,5310,0.141,0.169,21.695,0.074,11.05,4.41,5.17,84,30.9,7.44
53,heuristic_min_queue,8,40080,5010,1.328,0.108,22.994,0.077,10.73,4.39,5.04,80.8,35.3,7.96
53,heuristic_expected_wait,8,40080,5010,1.368,0.107,22.994,0.077,11.73,4.48,5.48,80.9,34.5,6.3
53,drl_ppo_agent,8,39600,4950,1.348,0.135,23.273,0.077,11.84,4.49,5.54,80.7,35.5,5.77
54,fixed,8,42240,5280,0.2,0.169,21.818,0.074,11.61,4.46,5.43,83.7,31.6,6.51
54,heuristic_min_queue,8,39840,4980,1.28,0.156,23.133,0.077,11.82,4.48,5.52,80.9,35.2,6.02
54,heuristic_expected_wait,8,40320,5040,1.286,0.081,22.857,0.077,11.19,4.43,5.24,81.2,33.8,7.21
54,drl_ppo_agent,8,40080,5010,1.234,0.08,22.994,0.077,12.39,4.53,5.78,81.1,34.8,5.21
55,fixed,8,42960,5370,0.151,0.134,21.453,0.073,12.5,4.54,5.82,84.2,30.3,5.04
55,heuristic_min_queue,8,39600,4950,1.37,0.137,23.273,0.078,12.23,4.52,5.71,81,34.3,5.13
55,heuristic_expected_wait,8,39600,4950,1.311,0.133,23.273,0.078,12.2,4.52,5.7,80.8,35.2,5.17
55,drl_ppo_agent,8,39360,4920,1.4,0.144,23.415,0.078,11.44,4.45,5.35,80.6,35.6,6.24
56,fixed,8,42240,5280,0.201,0.139,21.818,0.074,11.57,4.46,5.41,84,30.7,6.58
56,heuristic_min_queue,8,40320,5040,1.214,0.1,22.857,0.077,10.84,4.4,5.08,81.2,34.5,7.79
56,heuristic_expected_wait,8,39840,4980,1.299,0.107,23.133,0.077,12.44,4.54,5.81,80.9,34.9,4.98
56,drl_ppo_agent,8,39840,4980,1.276,0.112,23.133,0.077,11.91,4.49,5.57,81.2,34.1,5.87
57,fixed,8,42480,5310,0.276,0.114,21.695,0.075,11.72,4.47,5.48,83.8,30.7,6.33
57,heuristic_min_queue,8,39360,4920,1.411,0.11,23.415,0.078,11.77,4.48,5.5,80.9,34.4,5.68
57,heuristic_expected_wait,8,40320,5040,1.174,0.082,22.857,0.077,11.63,4.47,5.44,81.3,34.2,6.47
57,drl_ppo_agent,8,39840,4980,1.359,0.096,23.133,0.077,11.93,4.49,5.58,80.8,35.2,5.83
58,fixed,8,42240,5280,0.219,0.151,21.818,0.075,12.06,4.5,5.62,83.8,31.1,5.77
58,heuristic_min_queue,8,39840,4980,1.342,0.111,23.133,0.077,12.39,4.53,5.78,80.8,35.1,5.07
58,heuristic_expected_wait,8,40320,5040,1.209,0.105,22.857,0.076,11.17,4.43,5.23,81.2,34.4,7.24
58,drl_ppo_agent,8,39840,4980,1.313,0.099,23.133,0.077,11.49,4.45,5.38,80.9,34.9,6.57
59,fixed,8,41520,5190,0.306,0.153,22.197,0.075,11.89,4.49,5.55,83.4,32.1,6.05
59,heuristic_min_queue,8,40320,5040,1.156,0.074,22.857,0.077,10.92,4.4,5.12,81.4,34.2,7.66
59,heuristic_expected_wait,8,39120,4890,1.421,0.121,23.558,0.078,11.62,4.47,5.44,80.7,34.8,5.71
59,drl_ppo_agent,8,39600,4950,1.395,0.124,23.273,0.078,12.87,4.58,6,80.7,35,4.06
60,fixed,8,42240,5280,0.229,0.104,21.818,0.074,11.21,4.43,5.25,83.7,31.7,7.17
60,heuristic_min_queue,8,40320,5040,1.181,0.068,22.857,0.076,11.21,4.43,5.25,81.4,33.8,7.17
60,heuristic_expected_wait,8,39600,4950,1.478,0.11,23.273,0.077,11.61,4.47,5.43,80.4,35.6,6.16
60,drl_ppo_agent,8,40320,5040,1.235,0.086,22.857,0.076,11.43,4.45,5.35,81.2,34.4,6.81
61,fixed,8,42240,5280,0.19,0.142,21.818,0.074,11.28,4.43,5.27,83.9,31.1,7.07
61,heuristic_min_queue,8,40080,5010,1.325,0.09,22.994,0.077,11.21,4.43,5.25,81.1,34.1,7.18
61,heuristic_expected_wait,8,39600,4950,1.315,0.115,23.273,0.077,12.29,4.53,5.74,80.9,34.8,5.02
61,drl_ppo_agent,8,39840,4980,1.267,0.094,23.133,0.077,11.68,4.47,5.46,81.3,33.9,6.26
62,fixed,8,42240,5280,0.188,0.139,21.818,0.074,10.83,4.39,5.07,84,30.7,7.82
62,heuristic_min_queue,8,40080,5010,1.348,0.102,22.994,0.077,11.08,4.42,5.19,81,34.5,7.39
62,heuristic_expected_wait,8,39840,4980,1.4,0.084,23.133,0.077,12.14,4.51,5.67,80.8,34.6,5.49
62,drl_ppo_agent,8,39840,4980,1.327,0.095,23.133,0.078,11.79,4.48,5.51,81,34.6,6.07
63,fixed,8,42480,5310,0.143,0.133,21.695,0.074,11.78,4.48,5.5,84.1,30.7,6.24
63,heuristic_min_queue,8,40080,5010,1.298,0.105,22.994,0.077,11.4,4.45,5.34,81.1,34.3,6.86
63,heuristic_expected_wait,8,39600,4950,1.388,0.124,23.273,0.077,11.37,4.44,5.32,80.6,35.5,6.55
63,drl_ppo_agent,8,39360,4920,1.429,0.129,23.415,0.078,11.37,4.44,5.32,80.7,34.9,6.35
64,fixed,8,42240,5280,0.222,0.148,21.818,0.074,11.61,4.46,5.42,84,30.4,6.52
64,heuristic_min_queue,8,40080,5010,1.209,0.129,22.994,0.077,10.73,4.39,5.03,81.3,33.9,7.98
64,heuristic_expected_wait,8,40080,5010,1.25,0.118,22.994,0.077,11.93,4.49,5.57,81.2,34.2,5.98
64,drl_ppo_agent,8,39360,4920,1.41,0.108,23.415,0.078,11.67,4.47,5.46,80.7,35.2,5.85
65,fixed,8,42240,5280,0.199,0.174,21.818,0.075,12.17,4.51,5.68,84.1,30,5.58
65,heuristic_min_queue,8,39840,4980,1.253,0.086,23.133,0.077,11.44,4.45,5.36,80.9,35.4,6.64
65,heuristic_expected_wait,8,39360,4920,1.434,0.132,23.415,0.078,11.85,4.49,5.54,80.6,35.3,5.55
65,drl_ppo_agent,8,39360,4920,1.386,0.121,23.415,0.078,12.07,4.51,5.64,80.8,35,5.19
66,fixed,8,42000,5250,0.239,0.147,21.943,0.075,11.25,4.43,5.26,83.8,31,7.11
66,heuristic_min_queue,8,40320,5040,1.135,0.113,22.857,0.076,11.85,4.49,5.54,81.5,33.7,6.11
66,heuristic_expected_wait,8,40080,5010,1.235,0.098,22.994,0.077,11.78,4.48,5.51,81.1,34.7,6.22
66,drl_ppo_agent,8,40080,5010,1.247,0.106,22.994,0.077,12.77,4.57,5.95,81,35.1,4.57
67,fixed,8,42000,5250,0.352,0.13,21.943,0.075,11.48,4.45,5.37,83.4,31.7,6.72
67,heuristic_min_queue,8,39360,4920,1.379,0.134,23.415,0.078,11.45,4.45,5.36,80.9,34.5,6.21
67,heuristic_expected_wait,8,39840,4980,1.232,0.095,23.133,0.077,11.45,4.45,5.36,81.2,34.2,6.64
67,drl_ppo_agent,8,40320,5040,1.282,0.114,22.857,0.077,11.92,4.49,5.57,81.1,34.4,5.99
68,fixed,8,42240,5280,0.223,0.123,21.818,0.075,12.76,4.56,5.94,83.9,30.9,4.6
68,heuristic_min_queue,8,40080,5010,1.304,0.084,22.994,0.077,12.4,4.53,5.79,81,34.4,5.19
68,heuristic_expected_wait,8,39840,4980,1.3,0.128,23.133,0.077,11.41,4.45,5.34,80.9,35.1,6.7
68,drl_ppo_agent,8,39360,4920,1.308,0.092,23.415,0.078,11.73,4.48,5.49,81,34.6,5.75
69,fixed,8,42000,5250,0.221,0.147,21.943,0.075,11.58,4.46,5.41,83.7,31.7,6.56
69,heuristic_min_queue,8,40080,5010,1.249,0.081,22.994,0.077,12.65,4.56,5.9,81.1,34.4,4.77
69,heuristic_expected_wait,8,40080,5010,1.216,0.093,22.994,0.077,11.95,4.5,5.58,81.3,34,5.94
69,drl_ppo_agent,8,39360,4920,1.561,0.136,23.415,0.078,11.44,4.45,5.35,80.2,36.1,6.23
70,fixed,8,42000,5250,0.228,0.127,21.943,0.075,11.6,4.46,5.42,83.9,30.7,6.53
70,heuristic_min_queue,8,40080,5010,1.339,0.088,22.994,0.077,11.54,4.46,5.4,81,34.2,6.63
70,heuristic_expected_wait,8,40080,5010,1.221,0.103,22.994,0.077,10.64,4.38,5,81.3,34.2,8.11
70,drl_ppo_agent,8,40320,5040,1.124,0.07,22.857,0.076,11.1,4.42,5.2,81.5,34,7.36
71,fixed,8,42240,5280,0.214,0.145,21.818,0.075,12,4.5,5.6,83.8,31.1,5.86
71,heuristic_min_queue,8,39120,4890,1.633,0.109,23.558,0.078,10.98,4.41,5.15,80.1,35.9,6.78
71,heuristic_expected_wait,8,40080,5010,1.136,0.103,22.994,0.077,11.43,4.45,5.35,81.5,33.6,6.8
71,drl_ppo_agent,8,39360,4920,1.487,0.124,23.415,0.078,12.49,4.54,5.83,80.5,35.4,4.47
72,fixed,8,42240,5280,0.203,0.144,21.818,0.074,12.09,4.5,5.64,83.8,31.4,5.71
72,heuristic_min_queue,8,39120,4890,1.603,0.139,23.558,0.078,11.68,4.47,5.47,80.1,36,5.62
72,heuristic_expected_wait,8,40080,5010,1.245,0.094,22.994,0.077,11.38,4.44,5.33,81.2,34.1,6.89
72,drl_ppo_agent,8,39600,4950,1.407,0.111,23.273,0.078,11.07,4.42,5.19,80.7,35.1,7.05
73,fixed,8,42000,5250,0.283,0.142,21.943,0.075,11.55,4.46,5.4,83.7,31.1,6.62
73,heuristic_min_queue,8,40080,5010,1.323,0.104,22.994,0.077,12.01,4.5,5.61,81.2,33.8,5.84
73,heuristic_expected_wait,8,39360,4920,1.378,0.125,23.415,0.077,11.81,4.48,5.52,80.7,35.4,5.61
73,drl_ppo_agent,8,39840,4980,1.282,0.107,23.133,0.077,11.62,4.47,5.43,81.1,34.4,6.36
74,fixed,8,42240,5280,0.203,0.155,21.818,0.075,12.26,4.52,5.72,83.9,30.9,5.43
74,heuristic_min_queue,8,40080,5010,1.192,0.121,22.994,0.076,11.35,4.44,5.31,81.3,34,6.95
74,heuristic_expected_wait,8,39840,4980,1.169,0.095,23.133,0.077,11.68,4.47,5.46,81.4,34.1,6.25
74,drl_ppo_agent,8,39840,4980,1.34,0.093,23.133,0.077,12,4.5,5.61,81,34.2,5.72
75,fixed,8,42240,5280,0.223,0.106,21.818,0.074,11.81,4.48,5.52,83.8,31.2,6.18
75,heuristic_min_queue,8,39600,4950,1.324,0.124,23.273,0.077,11.7,4.47,5.47,81,34.4,6
75,heuristic_expected_wait,8,39360,4920,1.467,0.103,23.415,0.078,11.76,4.48,5.5,80.7,34.7,5.7
75,drl_ppo_agent,8,39840,4980,1.262,0.091,23.133,0.077,11.04,4.42,5.18,81.3,33.7,7.31
76,fixed,8,42240,5280,0.195,0.122,21.818,0.075,12.28,4.52,5.73,84.1,30.1,5.4
76,heuristic_min_queue,8,40080,5010,1.202,0.105,22.994,0.076,11.89,4.49,5.55,81.4,33.8,6.04
76,heuristic_expected_wait,8,39840,4980,1.288,0.13,23.133,0.077,12.23,4.52,5.71,81.1,34.3,5.34
76,drl_ppo_agent,8,39600,4950,1.307,0.086,23.273,0.077,12.06,4.51,5.64,81.1,34.3,5.4
77,fixed,8,42240,5280,0.26,0.118,21.818,0.074,12.67,4.55,5.9,83.8,31.1,4.76
77,heuristic_min_queue,8,39840,4980,1.275,0.133,23.133,0.077,11.78,4.48,5.51,81,34.9,6.08
77,heuristic_expected_wait,8,39840,4980,1.202,0.133,23.133,0.078,12.2,4.52,5.7,81.4,33.9,5.39
77,drl_ppo_agent,8,39840,4980,1.42,0.128,23.133,0.077,11.29,4.44,5.29,80.6,35.3,6.9
78,fixed,8,41760,5220,0.252,0.113,22.069,0.075,11.92,4.49,5.57,83.8,30.9,6
78,heuristic_min_queue,8,39840,4980,1.264,0.109,23.133,0.078,11.91,4.49,5.57,81,34.7,5.87
78,heuristic_expected_wait,8,40320,5040,1.156,0.112,22.857,0.077,12.31,4.53,5.75,81.2,34.7,5.34
78,drl_ppo_agent,8,39600,4950,1.386,0.132,23.273,0.077,11.38,4.45,5.33,80.8,34.9,6.54
79,fixed,8,42480,5310,0.19,0.127,21.695,0.074,11.79,4.48,5.51,84.2,29.7,6.21
79,heuristic_min_queue,8,39600,4950,1.429,0.16,23.273,0.077,11.51,4.46,5.39,80.6,35.1,6.33
79,heuristic_expected_wait,8,39600,4950,1.354,0.12,23.273,0.077,11.11,4.42,5.21,80.6,36,6.98
79,drl_ppo_agent,8,39360,4920,1.497,0.144,23.415,0.078,12.05,4.5,5.63,80.4,35.7,5.21
80,fixed,8,42240,5280,0.238,0.161,21.818,0.075,12.18,4.51,5.68,83.7,31.3,5.56
80,heuristic_min_queue,8,39840,4980,1.295,0.1,23.133,0.077,11.97,4.5,5.59,81.1,34.3,5.77
80,heuristic_expected_wait,8,39600,4950,1.426,0.123,23.273,0.078,13.16,4.6,6.13,80.8,34.6,3.58
80,drl_ppo_agent,8,40080,5010,1.286,0.107,22.994,0.077,11.31,4.44,5.29,81,34.6,7.01
81,fixed,8,42240,5280,0.214,0.119,21.818,0.075,11.45,4.45,5.35,83.8,31.2,6.77
81,heuristic_min_queue,8,39360,4920,1.513,0.125,23.415,0.078,11.08,4.42,5.19,80.4,35.5,6.83
81,heuristic_expected_wait,8,39840,4980,1.305,0.069,23.133,0.077,11.28,4.44,5.28,80.9,34.9,6.92
81,drl_ppo_agent,8,40080,5010,1.263,0.119,22.994,0.077,11.6,4.46,5.43,81.1,34.5,6.52
82,fixed,8,42240,5280,0.199,0.129,21.818,0.074,11.96,4.49,5.58,84.1,30.3,5.94
82,heuristic_min_queue,8,40320,5040,1.171,0.092,22.857,0.076,12.41,4.54,5.79,81.4,34.1,5.17
82,heuristic_expected_wait,8,39600,4950,1.375,0.116,23.273,0.078,12.26,4.52,5.73,80.9,34.6,5.07
82,drl_ppo_agent,8,39600,4950,1.513,0.112,23.273,0.078,11.05,4.42,5.18,80.6,34.9,7.08
83,fixed,8,42240,5280,0.24,0.124,21.818,0.074,11.47,4.45,5.36,83.9,30.5,6.75
83,heuristic_min_queue,8,40080,5010,1.225,0.085,22.994,0.077,12.34,4.53,5.76,81.3,34,5.3
83,heuristic_expected_wait,8,39600,4950,1.33,0.126,23.273,0.077,11.21,4.43,5.25,81,34.5,6.82
83,drl_ppo_agent,8,39840,4980,1.364,0.106,23.133,0.077,11.69,4.47,5.47,80.6,35.6,6.23
84,fixed,8,42240,5280,0.225,0.113,21.818,0.074,11.23,4.43,5.25,84,30.4,7.14
84,heuristic_min_queue,8,39600,4950,1.406,0.111,23.273,0.077,11.92,4.49,5.57,80.8,34.7,5.64
84,heuristic_expected_wait,8,39360,4920,1.451,0.112,23.415,0.078,12.16,4.51,5.68,80.7,34.7,5.03
84,drl_ppo_agent,8,39360,4920,1.463,0.116,23.415,0.078,12.76,4.57,5.95,80.7,34.7,4.03
85,fixed,8,42000,5250,0.207,0.141,21.943,0.074,11.54,4.46,5.39,84.1,30.2,6.64
85,heuristic_min_queue,8,39600,4950,1.378,0.117,23.273,0.077,12.35,4.53,5.76,80.7,35.1,4.93
85,heuristic_expected_wait,8,40080,5010,1.3,0.097,22.994,0.077,12.66,4.56,5.9,81.2,33.9,4.76
85,drl_ppo_agent,8,39600,4950,1.304,0.121,23.273,0.078,11.67,4.47,5.46,81.1,34.4,6.06
86,fixed,8,42000,5250,0.24,0.137,21.943,0.075,11.71,4.47,5.47,83.8,31.2,6.34
86,heuristic_min_queue,8,40320,5040,1.162,0.085,22.857,0.077,11.19,4.43,5.24,81.5,33.7,7.21
86,heuristic_expected_wait,8,39600,4950,1.514,0.108,23.273,0.077,11.41,4.45,5.34,80.4,35.6,6.49
86,drl_ppo_agent,8,39600,4950,1.306,0.12,23.273,0.078,11.9,4.49,5.57,81,34.5,5.67
87,fixed,8,41520,5190,0.306,0.172,22.197,0.075,11.68,4.47,5.46,83.5,31.6,6.4
87,heuristic_min_queue,8,39840,4980,1.319,0.129,23.133,0.077,11.73,4.48,5.49,80.9,35,6.16
87,heuristic_expected_wait,8,39840,4980,1.26,0.108,23.133,0.077,12.1,4.51,5.65,81.1,34.7,5.54
87,drl_ppo_agent,8,40080,5010,1.279,0.116,22.994,0.077,12.43,4.54,5.8,80.9,35.2,5.15
88,fixed,8,42000,5250,0.227,0.14,21.943,0.075,11.63,4.46,5.43,83.9,30.6,6.48
88,heuristic_min_queue,8,39600,4950,1.361,0.106,23.273,0.077,11.41,4.45,5.34,80.8,34.9,6.49
88,heuristic_expected_wait,8,39600,4950,1.319,0.127,23.273,0.078,11.86,4.49,5.54,81,34.7,5.75
88,drl_ppo_agent,8,39600,4950,1.28,0.105,23.273,0.077,12.4,4.53,5.79,80.9,35,4.84
89,fixed,8,42240,5280,0.307,0.146,21.818,0.075,11.9,4.49,5.55,83.8,30.5,6.04
89,heuristic_min_queue,8,39600,4950,1.433,0.138,23.273,0.078,11.94,4.5,5.58,80.6,35.4,5.6
89,heuristic_expected_wait,8,39840,4980,1.245,0.105,23.133,0.077,11.65,4.47,5.45,81,34.9,6.31
89,drl_ppo_agent,8,40080,5010,1.279,0.107,22.994,0.077,11.04,4.42,5.18,81.1,34.2,7.45
90,fixed,8,42480,5310,0.213,0.132,21.695,0.074,11.77,4.48,5.5,84,30.7,6.25
90,heuristic_min_queue,8,40080,5010,1.117,0.098,22.994,0.077,11.53,4.46,5.39,81.5,33.9,6.64
90,heuristic_expected_wait,8,39600,4950,1.345,0.099,23.273,0.077,12.49,4.54,5.83,81.1,33.9,4.69
90,drl_ppo_agent,8,40080,5010,1.278,0.09,22.994,0.077,11.9,4.49,5.56,81,34.8,6.02
91,fixed,8,42000,5250,0.263,0.177,21.943,0.075,10.59,4.37,4.96,83.8,30.9,8.22
91,heuristic_min_queue,8,40080,5010,1.238,0.121,22.994,0.077,11.37,4.44,5.32,81.2,34.3,6.91
91,heuristic_expected_wait,8,40080,5010,1.235,0.107,22.994,0.077,11.18,4.43,5.24,81.2,34.3,7.22
91,drl_ppo_agent,8,39840,4980,1.322,0.119,23.133,0.077,10.62,4.38,4.99,80.9,34.9,8.01
92,fixed,8,42240,5280,0.265,0.125,21.818,0.075,11.69,4.47,5.46,83.9,30.3,6.39
92,heuristic_min_queue,8,39840,4980,1.278,0.105,23.133,0.077,12.09,4.51,5.65,81.1,34.4,5.56
92,heuristic_expected_wait,8,39840,4980,1.265,0.119,23.133,0.077,10.86,4.4,5.09,81,35,7.62
92,drl_ppo_agent,8,39120,4890,1.486,0.145,23.558,0.078,12.61,4.55,5.88,80.4,35.7,4.07
93,fixed,8,42240,5280,0.23,0.162,21.818,0.075,12.4,4.53,5.78,83.8,31.2,5.2
93,heuristic_min_queue,8,39600,4950,1.446,0.082,23.273,0.077,11.1,4.42,5.2,80.5,35.5,7.01
93,heuristic_expected_wait,8,40320,5040,1.282,0.093,22.857,0.076,11.89,4.49,5.55,81.1,34.3,6.05
93,drl_ppo_agent,8,40080,5010,1.27,0.124,22.994,0.076,12.31,4.53,5.75,80.9,35.3,5.34
94,fixed,8,42240,5280,0.22,0.126,21.818,0.074,11.51,4.45,5.38,83.9,30.7,6.68
94,heuristic_min_queue,8,40080,5010,1.267,0.127,22.994,0.077,12.01,4.5,5.61,81.2,34.2,5.84
94,heuristic_expected_wait,8,40560,5070,1.108,0.088,22.722,0.076,11.23,4.43,5.26,81.6,33.7,7.14
94,drl_ppo_agent,8,39600,4950,1.376,0.079,23.273,0.077,10.84,4.4,5.08,80.8,34.9,7.44
95,fixed,8,42000,5250,0.198,0.123,21.943,0.075,10.94,4.4,5.12,84.1,30.3,7.63
95,heuristic_min_queue,8,40560,5070,1.133,0.063,22.722,0.076,11.54,4.46,5.4,81.5,34,6.63
95,heuristic_expected_wait,8,40320,5040,1.211,0.095,22.857,0.076,11.94,4.49,5.58,81.3,34,5.97
95,drl_ppo_agent,8,39840,4980,1.369,0.103,23.133,0.078,11.37,4.44,5.33,80.7,35.4,6.76
96,fixed,8,42000,5250,0.292,0.151,21.943,0.075,12.3,4.52,5.74,83.7,31.2,5.36
96,heuristic_min_queue,8,39600,4950,1.278,0.13,23.273,0.077,12.62,4.55,5.89,81.1,34.4,4.48
96,heuristic_expected_wait,8,39840,4980,1.356,0.116,23.133,0.077,12.46,4.54,5.81,80.8,35,4.95
96,drl_ppo_agent,8,39120,4890,1.493,0.101,23.558,0.078,10.51,4.37,4.94,80.5,35.1,7.57
97,fixed,8,42240,5280,0.212,0.137,21.818,0.075,11.14,4.42,5.21,83.9,31,7.29
97,heuristic_min_queue,8,39600,4950,1.494,0.107,23.273,0.078,12.31,4.53,5.75,80.5,35.4,5
97,heuristic_expected_wait,8,39600,4950,1.358,0.102,23.273,0.078,11.6,4.47,5.43,81,34.3,6.17
97,drl_ppo_agent,8,39600,4950,1.336,0.064,23.273,0.077,11.66,4.47,5.45,81,34.3,6.07
98,fixed,8,42240,5280,0.201,0.151,21.818,0.074,11.11,4.42,5.2,84,30.6,7.34
98,heuristic_min_queue,8,40320,5040,1.149,0.117,22.857,0.077,11.66,4.47,5.45,81.6,33.4,6.43
98,heuristic_expected_wait,8,39840,4980,1.345,0.111,23.133,0.077,11.61,4.46,5.43,80.8,34.9,6.37
98,drl_ppo_agent,8,39600,4950,1.371,0.093,23.273,0.078,11.22,4.43,5.26,80.9,34.6,6.8
99,fixed,8,42240,5280,0.25,0.135,21.818,0.074,11.16,4.42,5.22,84,30.1,7.26
99,heuristic_min_queue,8,39840,4980,1.265,0.087,23.133,0.077,11.73,4.48,5.49,81.1,34.5,6.16
99,heuristic_expected_wait,8,40080,5010,1.231,0.105,22.994,0.077,12.41,4.53,5.79,81,35.3,5.19
99,drl_ppo_agent,8,39120,4890,1.593,0.13,23.558,0.079,12.34,4.53,5.77,80.4,34.7,4.51
100,fixed,8,42240,5280,0.206,0.121,21.818,0.074,12.6,4.55,5.87,83.9,30.8,4.87
100,heuristic_min_queue,8,40080,5010,1.275,0.086,22.994,0.077,11.23,4.43,5.26,81.2,33.9,7.14
100,heuristic_expected_wait,8,39600,4950,1.359,0.106,23.273,0.078,11.54,4.46,5.4,80.8,35.1,6.28
100,drl_ppo_agent,8,40320,5040,1.178,0.121,22.857,0.077,11.32,4.44,5.3,81.4,33.8,6.99
101,fixed,8,42240,5280,0.239,0.161,21.818,0.074,11.46,4.45,5.35,83.8,30.9,6.77
101,heuristic_min_queue,8,40080,5010,1.376,0.138,22.994,0.077,11.67,4.47,5.46,80.7,35.5,6.41
101,heuristic_expected_wait,8,40320,5040,1.222,0.116,22.857,0.077,11.01,4.41,5.16,81.1,34.9,7.51
101,drl_ppo_agent,8,39840,4980,1.398,0.117,23.133,0.077,11.62,4.47,5.44,80.9,34.2,6.35
102,fixed,8,42240,5280,0.212,0.125,21.818,0.075,11.17,4.42,5.23,83.9,30.8,7.24
102,heuristic_min_queue,8,39600,4950,1.505,0.11,23.273,0.078,11.53,4.46,5.4,80.5,35.1,6.29
102,heuristic_expected_wait,8,39360,4920,1.266,0.126,23.415,0.078,12.19,4.52,5.69,80.9,35.3,4.98
102,drl_ppo_agent,8,39840,4980,1.398,0.078,23.133,0.077,11.84,4.49,5.54,80.9,34.5,5.98
103,fixed,8,41760,5220,0.251,0.177,22.069,0.075,12.2,4.51,5.69,83.8,30.9,5.53
103,heuristic_min_queue,8,39600,4950,1.408,0.108,23.273,0.078,11.6,4.47,5.43,80.7,34.9,6.17
103,heuristic_expected_wait,8,40080,5010,1.31,0.095,22.994,0.077,11.64,4.47,5.44,80.7,35.7,6.46
103,drl_ppo_agent,8,39840,4980,1.39,0.125,23.133,0.077,11.61,4.47,5.43,80.6,35.7,6.37
104,fixed,8,42240,5280,0.25,0.099,21.818,0.074,12.46,4.54,5.81,83.7,31.3,5.1
104,heuristic_min_queue,8,40080,5010,1.285,0.099,22.994,0.077,10.73,4.39,5.04,81,34.8,7.97
104,heuristic_expected_wait,8,39360,4920,1.431,0.105,23.415,0.078,12.38,4.53,5.78,80.7,35.1,4.66
104,drl_ppo_agent,8,39840,4980,1.24,0.123,23.133,0.077,11.61,4.47,5.43,81.1,34.6,6.36
105,fixed,8,41760,5220,0.24,0.122,22.069,0.075,11.33,4.44,5.3,83.8,31.1,6.98
105,heuristic_min_queue,8,39600,4950,1.391,0.131,23.273,0.078,12.21,4.52,5.7,80.7,35.2,5.16
105,heuristic_expected_wait,8,40080,5010,1.385,0.128,22.994,0.077,10.6,4.38,4.98,80.7,35.2,8.19
105,drl_ppo_agent,8,40320,5040,1.22,0.093,22.857,0.077,11.96,4.5,5.59,81.1,34.7,5.93
106,fixed,8,41760,5220,0.371,0.13,22.069,0.075,12.09,4.5,5.64,83.4,31.6,5.72
106,heuristic_min_queue,8,39360,4920,1.421,0.111,23.415,0.078,11.88,4.49,5.56,80.7,34.9,5.49
106,heuristic_expected_wait,8,39840,4980,1.238,0.109,23.133,0.077,12.04,4.5,5.62,81,35.2,5.65
106,drl_ppo_agent,8,40080,5010,1.221,0.126,22.994,0.077,12.34,4.53,5.76,81.3,34.1,5.3
107,fixed,8,42240,5280,0.211,0.152,21.818,0.074,11.54,4.46,5.39,83.8,31.1,6.64
107,heuristic_min_queue,8,39360,4920,1.417,0.093,23.415,0.078,11.3,4.44,5.3,80.7,34.9,6.45
107,heuristic_expected_wait,8,39360,4920,1.304,0.151,23.415,0.078,12.44,4.54,5.81,80.8,35.2,4.56
107,drl_ppo_agent,8,39840,4980,1.315,0.15,23.133,0.077,11.93,4.49,5.57,80.8,35.2,5.84
108,fixed,8,42000,5250,0.247,0.15,21.943,0.075,11.99,4.5,5.6,83.9,30.7,5.89
108,heuristic_min_queue,8,39840,4980,1.349,0.111,23.133,0.077,11.24,4.43,5.26,80.7,35.7,6.99
108,heuristic_expected_wait,8,39840,4980,1.203,0.132,23.133,0.077,11.26,4.43,5.28,81.2,34.7,6.94
108,drl_ppo_agent,8,39600,4950,1.521,0.154,23.273,0.077,11.81,4.48,5.52,80.3,35.7,5.83
109,fixed,8,41760,5220,0.298,0.163,22.069,0.075,11.66,4.47,5.45,83.5,31.9,6.44
109,heuristic_min_queue,8,40080,5010,1.33,0.099,22.994,0.077,12.81,4.57,5.97,81.1,34.1,4.52
109,heuristic_expected_wait,8,40080,5010,1.159,0.117,22.994,0.077,11.98,4.5,5.6,81.3,34.3,5.9
109,drl_ppo_agent,8,39840,4980,1.296,0.096,23.133,0.078,12.55,4.55,5.86,81,34.9,4.8
110,fixed,8,42240,5280,0.19,0.14,21.818,0.074,12.09,4.5,5.64,84.1,30.4,5.71
110,heuristic_min_queue,8,39360,4920,1.487,0.131,23.415,0.078,12.22,4.52,5.71,80.5,35.4,4.93
110,heuristic_expected_wait,8,39840,4980,1.293,0.082,23.133,0.077,11.65,4.47,5.45,80.8,35.6,6.31
110,drl_ppo_agent,8,40320,5040,1.24,0.063,22.857,0.076,11.56,4.46,5.4,81.1,34.6,6.6
111,fixed,8,42480,5310,0.187,0.111,21.695,0.074,11.72,4.47,5.47,84,30.8,6.34
111,heuristic_min_queue,8,39600,4950,1.402,0.13,23.273,0.078,11.97,4.5,5.6,80.7,35,5.55
111,heuristic_expected_wait,8,39840,4980,1.361,0.081,23.133,0.077,11.82,4.48,5.53,80.9,34.5,6.01
111,drl_ppo_agent,8,40080,5010,1.291,0.079,22.994,0.077,11.96,4.5,5.59,81,34.8,5.92
112,fixed,8,42240,5280,0.232,0.138,21.818,0.074,11.75,4.47,5.49,83.7,31.4,6.28
112,heuristic_min_queue,8,40080,5010,1.304,0.099,22.994,0.077,11.31,4.44,5.29,81,34.6,7.01
112,heuristic_expected_wait,8,39840,4980,1.37,0.076,23.133,0.077,11.14,4.42,5.22,81,34.3,7.16
112,drl_ppo_agent,8,39360,4920,1.457,0.136,23.415,0.078,11.65,4.47,5.45,80.5,35.4,5.88
113,fixed,8,42240,5280,0.246,0.124,21.818,0.075,12.05,4.5,5.62,83.8,30.9,5.78
113,heuristic_min_queue,8,39840,4980,1.333,0.109,23.133,0.077,11.82,4.48,5.52,80.9,34.7,6.02
113,heuristic_expected_wait,8,39600,4950,1.282,0.101,23.273,0.078,11.81,4.48,5.52,81.1,34.4,5.82
113,drl_ppo_agent,8,40080,5010,1.22,0.081,22.994,0.077,12.06,4.5,5.63,81.3,34.1,5.76
114,fixed,8,42240,5280,0.2,0.153,21.818,0.075,12.63,4.55,5.88,83.9,30.8,4.83
114,heuristic_min_queue,8,39600,4950,1.339,0.097,23.273,0.077,10.74,4.39,5.04,80.9,34.9,7.61
114,heuristic_expected_wait,8,39360,4920,1.467,0.118,23.415,0.078,11.78,4.48,5.51,80.7,34.8,5.66
114,drl_ppo_agent,8,39840,4980,1.251,0.123,23.133,0.077,11.46,4.45,5.36,81.1,34.5,6.62
115,fixed,8,42000,5250,0.228,0.148,21.943,0.075,11.41,4.45,5.34,83.8,31.1,6.84
115,heuristic_min_queue,8,40080,5010,1.293,0.112,22.994,0.077,10.51,4.37,4.94,81,34.6,8.33
115,heuristic_expected_wait,8,39360,4920,1.399,0.139,23.415,0.077,11.24,4.43,5.26,80.7,35,6.56
115,drl_ppo_agent,8,40080,5010,1.254,0.129,22.994,0.077,11.92,4.49,5.57,81.1,34.5,5.99
116,fixed,8,42240,5280,0.232,0.088,21.818,0.074,11.96,4.49,5.58,84.1,30,5.94
116,heuristic_min_queue,8,40080,5010,1.248,0.091,22.994,0.077,11.34,4.44,5.31,81.1,34.4,6.95
116,heuristic_expected_wait,8,40080,5010,1.208,0.119,22.994,0.077,11.52,4.46,5.39,80.9,35.5,6.66
116,drl_ppo_agent,8,40080,5010,1.309,0.156,22.994,0.077,11.21,4.43,5.25,80.8,35.4,7.18
117,fixed,8,42240,5280,0.22,0.128,21.818,0.074,11.59,4.46,5.42,83.9,30.9,6.55
117,heuristic_min_queue,8,40080,5010,1.271,0.096,22.994,0.077,11.72,4.47,5.48,81.1,34.4,6.33
117,heuristic_expected_wait,8,39840,4980,1.281,0.127,23.133,0.077,11.9,4.49,5.56,81,34.9,5.89
117,drl_ppo_agent,8,40320,5040,1.201,0.096,22.857,0.077,11.44,4.45,5.36,81.3,34.3,6.78
118,fixed,8,42000,5250,0.192,0.117,21.943,0.075,11.06,4.41,5.18,83.9,31.2,7.43
118,heuristic_min_queue,8,40080,5010,1.211,0.114,22.994,0.077,12.08,4.51,5.64,81.3,34.1,5.73
118,heuristic_expected_wait,8,39360,4920,1.449,0.127,23.415,0.078,12.24,4.52,5.72,80.7,34.9,4.9
118,drl_ppo_agent,8,40320,5040,1.302,0.088,22.857,0.076,11.56,4.46,5.41,80.9,35,6.6
119,fixed,8,42000,5250,0.238,0.145,21.943,0.075,12.28,4.52,5.73,84,30.4,5.39
119,heuristic_min_queue,8,39120,4890,1.452,0.141,23.558,0.078,10.47,4.37,4.92,80.6,35.1,7.63
119,heuristic_expected_wait,8,39600,4950,1.324,0.101,23.273,0.077,11.74,4.48,5.49,80.9,35,5.95
119,drl_ppo_agent,8,40080,5010,1.325,0.079,22.994,0.076,11.6,4.46,5.42,81,34.4,6.53
120,fixed,8,42000,5250,0.199,0.134,21.943,0.075,11.48,4.45,5.37,83.8,31.5,6.73
120,heuristic_min_queue,8,39600,4950,1.38,0.135,23.273,0.077,12.16,4.51,5.68,80.8,34.7,5.24
120,heuristic_expected_wait,8,39600,4950,1.297,0.13,23.273,0.078,12.16,4.51,5.68,81,34.7,5.24
120,drl_ppo_agent,8,39840,4980,1.367,0.106,23.133,0.078,11.38,4.45,5.33,80.7,35.4,6.75
121,fixed,8,41760,5220,0.258,0.113,22.069,0.075,12.69,4.56,5.91,83.9,30.4,4.71
121,heuristic_min_queue,8,39600,4950,1.28,0.134,23.273,0.078,12.33,4.53,5.76,81.1,34.3,4.96
121,heuristic_expected_wait,8,40080,5010,1.251,0.096,22.994,0.077,11.92,4.49,5.57,81.2,34.1,6
121,drl_ppo_agent,8,39840,4980,1.212,0.105,23.133,0.077,12.01,4.5,5.61,81.2,34.5,5.7
122,fixed,8,42480,5310,0.23,0.148,21.695,0.074,11.35,4.44,5.31,83.9,30.9,6.95
122,heuristic_min_queue,8,40080,5010,1.316,0.134,22.994,0.077,12.38,4.53,5.78,81,34.7,5.23
122,heuristic_expected_wait,8,40320,5040,1.167,0.074,22.857,0.076,11.56,4.46,5.41,81.6,33.3,6.59
122,drl_ppo_agent,8,40080,5010,1.314,0.095,22.994,0.077,11.75,4.48,5.49,81,34.7,6.28
123,fixed,8,42000,5250,0.194,0.134,21.943,0.074,11.27,4.43,5.27,83.9,30.9,7.08
123,heuristic_min_queue,8,39840,4980,1.29,0.08,23.133,0.077,12.07,4.51,5.64,81,34.7,5.61
123,heuristic_expected_wait,8,39840,4980,1.249,0.136,23.133,0.077,12.51,4.54,5.84,80.8,35.6,4.87
123,drl_ppo_agent,8,39840,4980,1.279,0.115,23.133,0.077,11.66,4.47,5.45,80.9,35.1,6.29
124,fixed,8,42240,5280,0.212,0.164,21.818,0.075,11.56,4.46,5.4,83.9,30.8,6.6
124,heuristic_min_queue,8,39600,4950,1.278,0.147,23.273,0.078,11.03,4.42,5.17,81,34.9,7.11
124,heuristic_expected_wait,8,40080,5010,1.174,0.111,22.994,0.077,12.01,4.5,5.61,81.1,35,5.84
124,drl_ppo_agent,8,39600,4950,1.329,0.154,23.273,0.078,13.21,4.61,6.15,80.8,35.1,3.5
125,fixed,8,42000,5250,0.219,0.109,21.943,0.075,11.88,4.49,5.55,84.1,30,6.06
125,heuristic_min_queue,8,40080,5010,1.257,0.13,22.994,0.077,12,4.5,5.61,81.1,34.6,5.85
125,heuristic_expected_wait,8,39840,4980,1.261,0.081,23.133,0.078,11.87,4.49,5.55,81.1,34.6,5.94
125,drl_ppo_agent,8,39840,4980,1.424,0.103,23.133,0.078,12.42,4.54,5.8,80.7,35.1,5.02
126,fixed,8,42000,5250,0.217,0.104,21.943,0.075,11.28,4.43,5.28,84.1,30.1,7.06
126,heuristic_min_queue,8,39840,4980,1.352,0.081,23.133,0.077,10.95,4.41,5.13,81,34.2,7.47
126,heuristic_expected_wait,8,40080,5010,1.26,0.116,22.994,0.077,11.41,4.45,5.34,81.1,34.7,6.84
126,drl_ppo_agent,8,39360,4920,1.373,0.151,23.415,0.078,11.65,4.47,5.45,80.6,35.6,5.87
127,fixed,8,42000,5250,0.194,0.13,21.943,0.075,11.14,4.42,5.21,83.9,30.9,7.29
127,heuristic_min_queue,8,39840,4980,1.26,0.094,23.133,0.077,11.7,4.47,5.47,81.2,34.1,6.22
127,heuristic_expected_wait,8,40320,5040,1.159,0.1,22.857,0.076,12.17,4.51,5.68,81.4,34.2,5.57
127,drl_ppo_agent,8,39840,4980,1.26,0.099,23.133,0.077,12.24,4.52,5.71,81.2,34.2,5.32
128,fixed,8,42000,5250,0.205,0.155,21.943,0.075,12.71,4.56,5.92,84,30.5,4.68
128,heuristic_min_queue,8,40080,5010,1.225,0.121,22.994,0.077,11.67,4.47,5.46,81.1,34.7,6.41
128,heuristic_expected_wait,8,40080,5010,1.176,0.138,22.994,0.077,10.78,4.39,5.06,81.3,34.1,7.89
128,drl_ppo_agent,8,39840,4980,1.292,0.134,23.133,0.077,12.03,4.5,5.62,80.8,35.6,5.67
129,fixed,8,42480,5310,0.147,0.1,21.695,0.074,11.87,4.48,5.54,84.2,30,6.08
129,heuristic_min_queue,8,39360,4920,1.47,0.105,23.415,0.078,10.97,4.41,5.14,80.5,35.6,7.01
129,heuristic_expected_wait,8,40080,5010,1.271,0.079,22.994,0.077,12.25,4.52,5.72,81.1,34.4,5.44
129,drl_ppo_agent,8,40320,5040,1.179,0.078,22.857,0.076,12.74,4.56,5.94,81.3,34.4,4.64
130,fixed,8,42240,5280,0.266,0.136,21.818,0.074,11.87,4.48,5.54,83.6,31.6,6.09
130,heuristic_min_queue,8,39600,4950,1.306,0.12,23.273,0.077,11.94,4.49,5.58,80.9,35,5.61
130,heuristic_expected_wait,8,39840,4980,1.268,0.135,23.133,0.077,11.38,4.44,5.33,80.9,35.3,6.76
130,drl_ppo_agent,8,40080,5010,1.301,0.122,22.994,0.077,11.33,4.44,5.3,81.1,34.3,6.98
131,fixed,8,42240,5280,0.146,0.122,21.818,0.074,11.62,4.46,5.43,84.2,30.3,6.5
131,heuristic_min_queue,8,39840,4980,1.252,0.091,23.133,0.077,12.1,4.51,5.65,81.1,34.5,5.55
131,heuristic_expected_wait,8,39360,4920,1.408,0.132,23.415,0.078,11.21,4.43,5.25,80.6,35.4,6.62
131,drl_ppo_agent,8,40320,5040,1.119,0.093,22.857,0.076,11.21,4.43,5.25,81.8,32.9,7.18
132,fixed,8,42000,5250,0.233,0.134,21.943,0.075,12.24,4.52,5.71,83.9,30.6,5.47
132,heuristic_min_queue,8,39840,4980,1.275,0.117,23.133,0.077,11.44,4.45,5.35,81.1,34.5,6.66
132,heuristic_expected_wait,8,39840,4980,1.336,0.124,23.133,0.077,11.89,4.49,5.56,80.9,34.9,5.9
132,drl_ppo_agent,8,39840,4980,1.321,0.121,23.133,0.077,12.15,4.51,5.67,80.9,35,5.47
133,fixed,8,41520,5190,0.35,0.133,22.197,0.075,11.32,4.44,5.29,83.5,31.3,7
133,heuristic_min_queue,8,39360,4920,1.559,0.125,23.415,0.078,12.17,4.52,5.69,80.3,35.5,5.02
133,heuristic_expected_wait,8,40320,5040,1.246,0.118,22.857,0.077,12.2,4.52,5.7,81.4,33.6,5.53
133,drl_ppo_agent,8,39600,4950,1.35,0.133,23.273,0.077,11.43,4.45,5.35,80.7,35.4,6.45
134,fixed,8,41760,5220,0.205,0.158,22.069,0.075,11.5,4.45,5.38,84.1,30,6.69
134,heuristic_min_queue,8,39600,4950,1.391,0.107,23.273,0.078,11.43,4.45,5.35,80.8,34.9,6.46
134,heuristic_expected_wait,8,39600,4950,1.311,0.132,23.273,0.078,10.95,4.41,5.14,80.9,34.9,7.25
134,drl_ppo_agent,8,39600,4950,1.332,0.142,23.273,0.078,12.57,4.55,5.86,81,34.5,4.56
135,fixed,8,42240,5280,0.21,0.13,21.818,0.075,12.35,4.53,5.76,84.1,30,5.29
135,heuristic_min_queue,8,39360,4920,1.413,0.123,23.415,0.078,12.33,4.53,5.76,80.8,34.8,4.74
135,heuristic_expected_wait,8,39600,4950,1.399,0.094,23.273,0.078,11.14,4.42,5.22,80.8,34.8,6.93
135,drl_ppo_agent,8,40320,5040,1.258,0.107,22.857,0.077,11.85,4.49,5.54,81.2,34,6.11
136,fixed,8,42000,5250,0.263,0.138,21.943,0.075,11.57,4.46,5.41,83.8,30.8,6.59
136,heuristic_min_queue,8,39840,4980,1.305,0.129,23.133,0.078,12.71,4.56,5.93,80.9,35.1,4.54
136,heuristic_expected_wait,8,39360,4920,1.383,0.144,23.415,0.078,11.03,4.42,5.17,80.8,35,6.91
136,drl_ppo_agent,8,39840,4980,1.222,0.157,23.133,0.077,11.37,4.44,5.32,80.9,35.6,6.76
137,fixed,8,42480,5310,0.207,0.128,21.695,0.074,11.09,4.42,5.19,84.1,30.2,7.38
137,heuristic_min_queue,8,39840,4980,1.318,0.089,23.133,0.077,11.12,4.42,5.21,80.9,34.9,7.18
137,heuristic_expected_wait,8,39360,4920,1.402,0.142,23.415,0.078,11.51,4.46,5.39,80.6,35.5,6.11
137,drl_ppo_agent,8,40080,5010,1.266,0.084,22.994,0.077,12.17,4.51,5.69,81.2,33.9,5.57
138,fixed,8,42240,5280,0.175,0.122,21.818,0.074,11.91,4.49,5.56,84,30.9,6.01
138,heuristic_min_queue,8,40080,5010,1.267,0.127,22.994,0.077,11.92,4.49,5.57,80.9,35.2,6
138,heuristic_expected_wait,8,40080,5010,1.265,0.099,22.994,0.076,11.42,4.45,5.34,81.1,34.5,6.82
138,drl_ppo_agent,8,39360,4920,1.445,0.144,23.415,0.078,12.54,4.55,5.85,80.7,34.9,4.39
139,fixed,8,42240,5280,0.111,0.14,21.818,0.074,11.93,4.49,5.57,84.2,30.4,5.99
139,heuristic_min_queue,8,39600,4950,1.304,0.116,23.273,0.077,11.76,4.48,5.5,81.1,34.4,5.9
139,heuristic_expected_wait,8,40320,5040,1.227,0.085,22.857,0.077,10.95,4.41,5.13,81.3,33.9,7.6
139,drl_ppo_agent,8,39600,4950,1.457,0.096,23.273,0.078,11.98,4.5,5.6,80.6,35.3,5.54
140,fixed,8,42480,5310,0.229,0.151,21.695,0.075,10.82,4.39,5.07,83.9,30.6,7.82
140,heuristic_min_queue,8,39600,4950,1.373,0.13,23.273,0.078,12.33,4.53,5.76,80.9,34.5,4.96
140,heuristic_expected_wait,8,40320,5040,1.22,0.089,22.857,0.076,11.77,4.48,5.5,81.2,34.5,6.24
140,drl_ppo_agent,8,39840,4980,1.343,0.117,23.133,0.077,11.13,4.42,5.22,80.8,35,7.17
141,fixed,8,42240,5280,0.279,0.147,21.818,0.074,11.88,4.49,5.55,83.8,30.7,6.06
141,heuristic_min_queue,8,39360,4920,1.408,0.138,23.415,0.078,12.02,4.5,5.62,80.5,35.8,5.25
141,heuristic_expected_wait,8,39360,4920,1.529,0.099,23.415,0.078,12.04,4.5,5.63,80.4,35.3,5.23
141,drl_ppo_agent,8,40080,5010,1.336,0.114,22.994,0.077,11.23,4.43,5.26,80.9,34.9,7.15
142,fixed,8,42000,5250,0.206,0.152,21.943,0.075,11.66,4.47,5.45,83.9,31,6.43
142,heuristic_min_queue,8,39600,4950,1.312,0.097,23.273,0.078,11.3,4.44,5.29,81,34.7,6.68
142,heuristic_expected_wait,8,39600,4950,1.292,0.103,23.273,0.078,11.43,4.45,5.35,81,34.9,6.45
142,drl_ppo_agent,8,39360,4920,1.409,0.124,23.415,0.078,12.15,4.51,5.68,80.8,34.7,5.04
143,fixed,8,42480,5310,0.207,0.153,21.695,0.075,11.59,4.46,5.42,84.1,30.3,6.55
143,heuristic_min_queue,8,40080,5010,1.226,0.083,22.994,0.077,12.2,4.52,5.7,81.1,34.7,5.53
143,heuristic_expected_wait,8,39600,4950,1.419,0.137,23.273,0.077,11.73,4.48,5.48,80.6,35.3,5.96
143,drl_ppo_agent,8,40320,5040,1.165,0.101,22.857,0.077,11.66,4.47,5.45,81.3,34.3,6.43
144,fixed,8,42240,5280,0.231,0.148,21.818,0.074,12.09,4.5,5.64,83.9,30.6,5.72
144,heuristic_min_queue,8,39840,4980,1.248,0.084,23.133,0.077,11.47,4.45,5.37,81.2,34,6.61
144,heuristic_expected_wait,8,39840,4980,1.285,0.114,23.133,0.077,12.15,4.51,5.68,81,34.7,5.46
144,drl_ppo_agent,8,39600,4950,1.37,0.117,23.273,0.077,11.37,4.44,5.32,80.6,35.8,6.55
145,fixed,8,42240,5280,0.253,0.155,21.818,0.075,11.43,4.45,5.34,83.9,30.4,6.82
145,heuristic_min_queue,8,40080,5010,1.279,0.078,22.994,0.077,11.77,4.48,5.5,81,34.9,6.24
145,heuristic_expected_wait,8,40080,5010,1.243,0.104,22.994,0.077,11.66,4.47,5.45,81.1,34.6,6.43
145,drl_ppo_agent,8,39840,4980,1.304,0.166,23.133,0.077,11.11,4.42,5.2,81,34.6,7.21
146,fixed,8,42480,5310,0.178,0.121,21.695,0.074,11.5,4.45,5.38,84,30.8,6.69
146,heuristic_min_queue,8,40080,5010,1.286,0.114,22.994,0.077,11.82,4.48,5.52,80.9,35.1,6.16
146,heuristic_expected_wait,8,39840,4980,1.304,0.116,23.133,0.078,11.74,4.48,5.49,81,34.8,6.16
146,drl_ppo_agent,8,39360,4920,1.472,0.134,23.415,0.078,12.11,4.51,5.66,80.6,35.1,5.12
147,fixed,8,42240,5280,0.256,0.125,21.818,0.074,11.85,4.48,5.53,83.7,31.5,6.12
147,heuristic_min_queue,8,40560,5070,1.246,0.119,22.722,0.076,11.31,4.44,5.29,81.1,34.7,7.02
147,heuristic_expected_wait,8,39600,4950,1.429,0.122,23.273,0.078,12.21,4.52,5.7,80.8,34.7,5.16
147,drl_ppo_agent,8,39600,4950,1.316,0.125,23.273,0.077,11.34,4.44,5.31,80.9,34.8,6.61
148,fixed,8,42000,5250,0.16,0.15,21.943,0.074,11.85,4.48,5.53,84.2,30.2,6.11
148,heuristic_min_queue,8,39840,4980,1.234,0.129,23.133,0.077,11.48,4.45,5.37,81.1,34.6,6.59
148,heuristic_expected_wait,8,40080,5010,1.219,0.108,22.994,0.076,11.15,4.42,5.22,81.2,34.6,7.27
148,drl_ppo_agent,8,39360,4920,1.428,0.1,23.415,0.078,12.2,4.52,5.7,80.8,34.5,4.96
149,fixed,8,42000,5250,0.235,0.13,21.943,0.075,11.89,4.49,5.55,83.8,31,6.06
149,heuristic_min_queue,8,39360,4920,1.435,0.142,23.415,0.078,11.93,4.49,5.58,80.5,35.5,5.4
149,heuristic_expected_wait,8,40080,5010,1.286,0.118,22.994,0.077,11.69,4.47,5.47,81.1,34.5,6.37
149,drl_ppo_agent,8,39840,4980,1.383,0.098,23.133,0.078,11.93,4.49,5.57,80.9,34.5,5.84
150,fixed,8,42240,5280,0.294,0.139,21.818,0.074,11.89,4.49,5.55,83.6,31.4,6.05
150,heuristic_min_queue,8,40080,5010,1.267,0.108,22.994,0.076,11.32,4.44,5.3,81,34.7,7
150,heuristic_expected_wait,8,39840,4980,1.268,0.091,23.133,0.077,10.93,4.41,5.12,81,34.8,7.5
150,drl_ppo_agent,8,40080,5010,1.301,0.089,22.994,0.077,11.39,4.45,5.33,81.1,34.1,6.88
151,fixed,8,41760,5220,0.268,0.113,22.069,0.075,11.47,4.45,5.36,83.9,30.6,6.74
151,heuristic_min_queue,8,39840,4980,1.283,0.103,23.133,0.078,11.33,4.44,5.3,81.1,34.4,6.84
151,heuristic_expected_wait,8,39840,4980,1.349,0.102,23.133,0.077,11.77,4.48,5.5,80.8,35.1,6.1
151,drl_ppo_agent,8,40080,5010,1.331,0.095,22.994,0.077,11.11,4.42,5.2,80.9,34.9,7.35
152,fixed,8,42000,5250,0.281,0.122,21.943,0.074,11.45,4.45,5.35,83.6,31.6,6.78
152,heuristic_min_queue,8,40080,5010,1.214,0.108,22.994,0.077,11.62,4.47,5.44,81,35.2,6.48
152,heuristic_expected_wait,8,40320,5040,1.161,0.116,22.857,0.077,11.75,4.48,5.49,81.3,34.3,6.28
152,drl_ppo_agent,8,39840,4980,1.349,0.137,23.133,0.077,12.41,4.54,5.79,80.8,35.3,5.04
153,fixed,8,42000,5250,0.245,0.158,21.943,0.075,11.02,4.41,5.16,83.9,30.6,7.5
153,heuristic_min_queue,8,40320,5040,1.24,0.076,22.857,0.077,12.19,4.52,5.69,81.1,34.5,5.54
153,heuristic_expected_wait,8,40320,5040,1.215,0.092,22.857,0.077,11.93,4.49,5.57,81.4,33.8,5.98
153,drl_ppo_agent,8,38880,4860,1.679,0.096,23.704,0.079,10.78,4.39,5.06,80.1,35.5,6.9
154,fixed,8,42000,5250,0.184,0.141,21.943,0.075,12.64,4.55,5.89,83.8,31.4,4.8
154,heuristic_min_queue,8,39840,4980,1.357,0.089,23.133,0.078,11.69,4.47,5.47,81,34.3,6.23
154,heuristic_expected_wait,8,39840,4980,1.244,0.148,23.133,0.078,11.58,4.46,5.42,81,35.1,6.41
154,drl_ppo_agent,8,39360,4920,1.446,0.099,23.415,0.078,11.77,4.48,5.5,80.6,35.1,5.68
155,fixed,8,42480,5310,0.256,0.115,21.695,0.074,12.36,4.53,5.76,83.7,31.5,5.26
155,heuristic_min_queue,8,39840,4980,1.288,0.078,23.133,0.077,11.39,4.45,5.33,81.1,34.1,6.73
155,heuristic_expected_wait,8,40080,5010,1.356,0.127,22.994,0.077,11.45,4.45,5.36,80.8,35,6.77
155,drl_ppo_agent,8,40080,5010,1.324,0.08,22.994,0.077,11.69,4.47,5.47,81,34.4,6.38
156,fixed,8,42240,5280,0.226,0.132,21.818,0.075,12.11,4.51,5.65,83.9,30.7,5.68
156,heuristic_min_queue,8,39600,4950,1.283,0.089,23.273,0.078,12.02,4.5,5.62,80.7,35.9,5.47
156,heuristic_expected_wait,8,40560,5070,1.128,0.055,22.722,0.076,11.96,4.49,5.59,81.5,33.8,5.93
156,drl_ppo_agent,8,39840,4980,1.388,0.121,23.133,0.077,11.05,4.42,5.18,80.8,34.6,7.3
157,fixed,8,42240,5280,0.246,0.132,21.818,0.074,11.48,4.45,5.37,83.8,31.2,6.73
157,heuristic_min_queue,8,39840,4980,1.267,0.087,23.133,0.077,11.96,4.5,5.59,81.2,34.3,5.78
157,heuristic_expected_wait,8,40320,5040,1.246,0.103,22.857,0.076,11.63,4.47,5.44,81,35,6.48
157,drl_ppo_agent,8,39360,4920,1.465,0.134,23.415,0.078,11.55,4.46,5.4,80.6,34.9,6.05
158,fixed,8,42240,5280,0.265,0.137,21.818,0.075,12.15,4.51,5.67,83.7,31.5,5.61
158,heuristic_min_queue,8,40080,5010,1.323,0.122,22.994,0.076,12.8,4.57,5.96,81,34.5,4.53
158,heuristic_expected_wait,8,39600,4950,1.421,0.154,23.273,0.078,12.26,4.52,5.73,80.7,35.1,5.07
158,drl_ppo_agent,8,39600,4950,1.382,0.111,23.273,0.078,11.93,4.49,5.58,80.8,34.8,5.62
159,fixed,8,42480,5310,0.164,0.12,21.695,0.074,11.32,4.44,5.29,84.1,30.4,7
159,heuristic_min_queue,8,39600,4950,1.46,0.105,23.273,0.078,12.21,4.52,5.7,80.6,35.3,5.16
159,heuristic_expected_wait,8,40320,5040,1.212,0.119,22.857,0.077,11.44,4.45,5.35,81,35.4,6.79
159,drl_ppo_agent,8,39360,4920,1.429,0.102,23.415,0.077,11.27,4.44,5.28,80.7,34.9,6.51
160,fixed,8,42480,5310,0.161,0.144,21.695,0.074,11.88,4.49,5.54,84,30.8,6.08
160,heuristic_min_queue,8,40080,5010,1.176,0.103,22.994,0.077,11.43,4.45,5.35,81.2,34.6,6.81
160,heuristic_expected_wait,8,39360,4920,1.514,0.11,23.415,0.078,11.83,4.49,5.53,80.6,34.7,5.57
160,drl_ppo_agent,8,38880,4860,1.608,0.142,23.704,0.078,11.38,4.45,5.33,80.3,35.3,5.91
161,fixed,8,42000,5250,0.276,0.149,21.943,0.075,12.36,4.53,5.76,83.7,31.1,5.27
161,heuristic_min_queue,8,40080,5010,1.264,0.086,22.994,0.077,11.23,4.43,5.26,81,34.7,7.14
161,heuristic_expected_wait,8,40080,5010,1.21,0.094,22.994,0.077,11.05,4.42,5.18,81.1,34.8,7.45
161,drl_ppo_agent,8,39360,4920,1.384,0.12,23.415,0.078,10.7,4.39,5.02,81,33.9,7.46
162,fixed,8,42000,5250,0.244,0.137,21.943,0.075,11.55,4.46,5.4,83.9,30.7,6.61
162,heuristic_min_queue,8,40080,5010,1.332,0.104,22.994,0.077,11.82,4.48,5.52,81,34.5,6.16
162,heuristic_expected_wait,8,40320,5040,1.083,0.111,22.857,0.077,11.56,4.46,5.41,81.5,34.2,6.59
162,drl_ppo_agent,8,39600,4950,1.319,0.106,23.273,0.078,11.13,4.42,5.22,80.8,35.3,6.95
163,fixed,8,42240,5280,0.262,0.168,21.818,0.075,11.71,4.47,5.47,83.6,31.7,6.35
163,heuristic_min_queue,8,40080,5010,1.273,0.118,22.994,0.077,12.42,4.54,5.8,81,34.8,5.15
163,heuristic_expected_wait,8,39600,4950,1.422,0.093,23.273,0.077,11.91,4.49,5.57,80.8,34.5,5.65
163,drl_ppo_agent,8,39360,4920,1.417,0.128,23.415,0.078,12.16,4.51,5.68,80.9,34.4,5.03
164,fixed,8,42240,5280,0.187,0.158,21.818,0.074,11.07,4.41,5.18,84.2,29.8,7.41
164,heuristic_min_queue,8,39120,4890,1.438,0.133,23.558,0.079,11.8,4.48,5.52,80.6,35.2,5.42
164,heuristic_expected_wait,8,40320,5040,1.192,0.097,22.857,0.077,11.82,4.48,5.53,81.3,34.1,6.15
164,drl_ppo_agent,8,39840,4980,1.292,0.108,23.133,0.078,11.2,4.43,5.25,81.1,34.4,7.04
165,fixed,8,42000,5250,0.256,0.161,21.943,0.074,10.91,4.4,5.11,83.9,30.7,7.68
165,heuristic_min_queue,8,39840,4980,1.252,0.119,23.133,0.077,12.13,4.51,5.67,81.2,34.2,5.5
165,heuristic_expected_wait,8,39600,4950,1.308,0.141,23.273,0.078,11.73,4.48,5.49,80.9,34.9,5.95
165,drl_ppo_agent,8,40320,5040,1.159,0.086,22.857,0.076,11.8,4.48,5.51,81.3,34.5,6.2
166,fixed,8,41760,5220,0.267,0.139,22.069,0.075,12.15,4.51,5.67,83.7,31.4,5.62
166,heuristic_min_queue,8,40320,5040,1.209,0.127,22.857,0.077,11.87,4.49,5.54,81.3,34.1,6.08
166,heuristic_expected_wait,8,39600,4950,1.336,0.147,23.273,0.077,10.99,4.41,5.15,80.9,34.7,7.19
166,drl_ppo_agent,8,40320,5040,1.252,0.078,22.857,0.077,11.65,4.47,5.45,81.1,34.7,6.44
167,fixed,8,42240,5280,0.224,0.165,21.818,0.074,11.06,4.41,5.17,83.9,31,7.44
167,heuristic_min_queue,8,40320,5040,1.227,0.111,22.857,0.077,11.74,4.48,5.49,81.2,34.5,6.29
167,heuristic_expected_wait,8,39600,4950,1.436,0.097,23.273,0.077,12.07,4.51,5.64,80.8,34.5,5.4
167,drl_ppo_agent,8,39600,4950,1.472,0.123,23.273,0.077,11.85,4.49,5.54,80.6,35.1,5.77
168,fixed,8,42480,5310,0.178,0.14,21.695,0.074,12.26,4.52,5.72,84.2,30.1,5.43
168,heuristic_min_queue,8,40560,5070,1.18,0.084,22.722,0.076,10.98,4.41,5.14,81.2,34.8,7.56
168,heuristic_expected_wait,8,40320,5040,1.102,0.112,22.857,0.077,12.12,4.51,5.66,81.7,33.5,5.67
168,drl_ppo_agent,8,40080,5010,1.219,0.098,22.994,0.077,11.63,4.47,5.44,81.2,34.4,6.47
169,fixed,8,42240,5280,0.184,0.159,21.818,0.074,11.79,4.48,5.51,84,30.5,6.21
169,heuristic_min_queue,8,40080,5010,1.3,0.133,22.994,0.077,11.95,4.49,5.58,80.9,34.9,5.94
169,heuristic_expected_wait,8,39360,4920,1.46,0.1,23.415,0.078,11.39,4.45,5.33,80.9,34,6.32
169,drl_ppo_agent,8,40080,5010,1.229,0.139,22.994,0.077,11.76,4.48,5.5,81,35.1,6.25
170,fixed,8,42240,5280,0.173,0.146,21.818,0.074,10.81,4.39,5.06,84.1,30.3,7.85
170,heuristic_min_queue,8,39360,4920,1.489,0.112,23.415,0.078,11.38,4.45,5.33,80.4,35.7,6.33
170,heuristic_expected_wait,8,40080,5010,1.388,0.1,22.994,0.077,11.57,4.46,5.41,80.8,34.6,6.57
170,drl_ppo_agent,8,40080,5010,1.192,0.126,22.994,0.077,11.82,4.48,5.52,81.2,34.7,6.17
171,fixed,8,42240,5280,0.252,0.144,21.818,0.074,11.68,4.47,5.46,83.7,31.5,6.4
171,heuristic_min_queue,8,39840,4980,1.342,0.119,23.133,0.077,11.67,4.47,5.46,81,34.3,6.27
171,heuristic_expected_wait,8,40320,5040,1.197,0.103,22.857,0.076,11.83,4.48,5.53,81.2,34.5,6.14
171,drl_ppo_agent,8,40320,5040,1.277,0.098,22.857,0.077,11.76,4.48,5.5,80.9,35.1,6.25
172,fixed,8,42000,5250,0.225,0.145,21.943,0.075,11.76,4.48,5.49,83.8,31.2,6.27
172,heuristic_min_queue,8,40080,5010,1.285,0.088,22.994,0.077,11.33,4.44,5.31,81,34.6,6.97
172,heuristic_expected_wait,8,40320,5040,1.24,0.066,22.857,0.076,12.38,4.53,5.78,81.3,33.9,5.23
172,drl_ppo_agent,8,40320,5040,1.152,0.09,22.857,0.076,11.54,4.46,5.4,81.4,34.3,6.63
173,fixed,8,42720,5340,0.135,0.097,21.573,0.073,11.14,4.42,5.21,84.2,30.1,7.3
173,heuristic_min_queue,8,39600,4950,1.322,0.149,23.273,0.078,13.07,4.59,6.09,81.1,34,3.73
173,heuristic_expected_wait,8,39600,4950,1.354,0.116,23.273,0.077,12.5,4.54,5.83,80.9,34.7,4.68
173,drl_ppo_agent,8,39600,4950,1.272,0.087,23.273,0.078,12.37,4.53,5.77,81.1,34.6,4.89
174,fixed,8,42240,5280,0.296,0.112,21.818,0.074,11.56,4.46,5.4,83.7,31.1,6.6
174,heuristic_min_queue,8,39360,4920,1.395,0.094,23.415,0.078,11.54,4.46,5.4,81,34.1,6.06
174,heuristic_expected_wait,8,39600,4950,1.425,0.091,23.273,0.078,12.27,4.52,5.73,81,33.9,5.06
174,drl_ppo_agent,8,40080,5010,1.249,0.092,22.994,0.076,11.86,4.49,5.54,81.1,34.7,6.09
175,fixed,8,42000,5250,0.255,0.14,21.943,0.075,11.74,4.47,5.48,83.8,30.9,6.3
175,heuristic_min_queue,8,39600,4950,1.526,0.093,23.273,0.077,11.2,4.43,5.25,80.4,35.3,6.84
175,heuristic_expected_wait,8,39600,4950,1.291,0.092,23.273,0.078,10.9,4.4,5.11,80.8,35.4,7.33
175,drl_ppo_agent,8,39600,4950,1.341,0.124,23.273,0.077,11.74,4.48,5.49,80.8,35.2,5.94
176,fixed,8,42000,5250,0.2,0.164,21.943,0.075,11.24,4.43,5.26,84,30.7,7.14
176,heuristic_min_queue,8,40560,5070,1.194,0.115,22.722,0.076,12.55,4.55,5.85,81.5,33.4,4.95
176,heuristic_expected_wait,8,39840,4980,1.328,0.089,23.133,0.077,10.7,4.39,5.02,81.2,33.6,7.88
176,drl_ppo_agent,8,39600,4950,1.369,0.107,23.273,0.077,12.59,4.55,5.88,80.9,34.6,4.52
177,fixed,8,42000,5250,0.229,0.15,21.943,0.075,11.27,4.43,5.27,83.9,30.6,7.08
177,heuristic_min_queue,8,40320,5040,1.226,0.12,22.857,0.077,10.33,4.35,4.85,81.1,34.8,8.64
177,heuristic_expected_wait,8,40080,5010,1.285,0.116,22.994,0.077,11.42,4.45,5.34,80.9,35.1,6.83
177,drl_ppo_agent,8,39360,4920,1.503,0.109,23.415,0.078,11.44,4.45,5.36,80.1,36.7,6.22
178,fixed,8,42480,5310,0.212,0.097,21.695,0.074,11.85,4.48,5.53,83.9,30.8,6.12
178,heuristic_min_queue,8,39600,4950,1.368,0.125,23.273,0.078,10.97,4.41,5.15,80.9,34.5,7.21
178,heuristic_expected_wait,8,39840,4980,1.359,0.114,23.133,0.078,10.55,4.37,4.96,80.7,35.3,8.13
178,drl_ppo_agent,8,39600,4950,1.416,0.096,23.273,0.077,11.6,4.46,5.43,80.8,34.5,6.17
179,fixed,8,42240,5280,0.239,0.153,21.818,0.075,11.78,4.48,5.5,83.9,30.8,6.24
179,heuristic_min_queue,8,39840,4980,1.317,0.115,23.133,0.077,11.73,4.48,5.49,80.9,34.9,6.16
179,heuristic_expected_wait,8,39840,4980,1.333,0.098,23.133,0.077,11.71,4.47,5.48,81,34.6,6.2
179,drl_ppo_agent,8,39840,4980,1.379,0.115,23.133,0.077,11.92,4.49,5.57,80.9,34.6,5.85
180,fixed,8,42000,5250,0.25,0.136,21.943,0.075,12.54,4.54,5.84,83.8,31,4.97
180,heuristic_min_queue,8,40320,5040,1.257,0.125,22.857,0.076,11.97,4.5,5.59,81.2,34.3,5.9
180,heuristic_expected_wait,8,39840,4980,1.262,0.134,23.133,0.077,12.05,4.5,5.63,81.2,34.1,5.64
180,drl_ppo_agent,8,39840,4980,1.323,0.138,23.133,0.077,10.87,4.4,5.1,80.9,34.8,7.61
181,fixed,8,42480,5310,0.227,0.113,21.695,0.074,11.36,4.44,5.31,83.8,31,6.92
181,heuristic_min_queue,8,40320,5040,1.187,0.128,22.857,0.077,12.57,4.55,5.86,81.3,34.2,4.9
181,heuristic_expected_wait,8,39360,4920,1.403,0.118,23.415,0.078,12.04,4.5,5.63,80.7,35,5.23
181,drl_ppo_agent,8,39120,4890,1.456,0.092,23.558,0.078,11.21,4.43,5.25,80.6,35,6.4
182,fixed,8,42000,5250,0.233,0.126,21.943,0.075,11.76,4.48,5.49,83.9,30.5,6.27
182,heuristic_min_queue,8,39840,4980,1.3,0.084,23.133,0.077,11.89,4.49,5.56,80.9,34.9,5.9
182,heuristic_expected_wait,8,39840,4980,1.28,0.129,23.133,0.077,12.12,4.51,5.66,81,34.9,5.52
182,drl_ppo_agent,8,39840,4980,1.325,0.099,23.133,0.077,11.39,4.45,5.33,80.9,34.8,6.74
183,fixed,8,42240,5280,0.139,0.147,21.818,0.074,12.76,4.56,5.94,84.1,30.7,4.6
183,heuristic_min_queue,8,39600,4950,1.392,0.109,23.273,0.078,11.88,4.49,5.56,80.9,34.4,5.7
183,heuristic_expected_wait,8,39840,4980,1.227,0.117,23.133,0.077,11.8,4.48,5.52,81.1,34.9,6.05
183,drl_ppo_agent,8,39600,4950,1.436,0.149,23.273,0.077,11.48,4.45,5.37,80.6,35.4,6.38
184,fixed,8,42240,5280,0.251,0.146,21.818,0.074,11.08,4.42,5.18,83.7,31.4,7.4
184,heuristic_min_queue,8,39600,4950,1.308,0.101,23.273,0.078,11.29,4.44,5.29,81,34.5,6.69
184,heuristic_expected_wait,8,39600,4950,1.332,0.09,23.273,0.077,11.89,4.49,5.56,80.8,35.2,5.69
184,drl_ppo_agent,8,39600,4950,1.362,0.13,23.273,0.078,11.29,4.44,5.29,80.6,35.7,6.69
185,fixed,8,42480,5310,0.179,0.118,21.695,0.074,10.34,4.35,4.85,84.1,30.3,8.63
185,heuristic_min_queue,8,39840,4980,1.346,0.112,23.133,0.077,11.87,4.49,5.55,81,34.5,5.94
185,heuristic_expected_wait,8,40080,5010,1.177,0.072,22.994,0.077,11.91,4.49,5.56,81.3,34.2,6.02
185,drl_ppo_agent,8,40560,5070,1.165,0.106,22.722,0.076,11.85,4.49,5.54,81.4,34.1,6.1
186,fixed,8,42000,5250,0.303,0.174,21.943,0.075,11.16,4.42,5.22,83.8,30.8,7.27
186,heuristic_min_queue,8,40080,5010,1.24,0.123,22.994,0.076,11.6,4.46,5.43,81.1,34.8,6.52
186,heuristic_expected_wait,8,39360,4920,1.458,0.135,23.415,0.077,11.7,4.47,5.47,80.5,35.4,5.8
186,drl_ppo_agent,8,39840,4980,1.298,0.116,23.133,0.077,10.96,4.41,5.14,81,34.5,7.45
187,fixed,8,41520,5190,0.304,0.165,22.197,0.075,11.99,4.5,5.6,83.6,31.5,5.87
187,heuristic_min_queue,8,39600,4950,1.321,0.118,23.273,0.077,11.44,4.45,5.35,80.9,34.9,6.44
187,heuristic_expected_wait,8,40080,5010,1.313,0.075,22.994,0.077,12.37,4.53,5.77,81.1,34.2,5.24
187,drl_ppo_agent,8,39840,4980,1.317,0.109,23.133,0.077,10.98,4.41,5.15,80.9,34.7,7.41
188,fixed,8,42240,5280,0.257,0.13,21.818,0.074,11.46,4.45,5.36,84,30.2,6.76
188,heuristic_min_queue,8,39840,4980,1.175,0.113,23.133,0.078,12.04,4.5,5.63,81.3,34.1,5.65
188,heuristic_expected_wait,8,39840,4980,1.393,0.118,23.133,0.077,11,4.41,5.16,80.8,34.9,7.38
188,drl_ppo_agent,8,39600,4950,1.422,0.113,23.273,0.077,12.2,4.52,5.7,80.6,35.4,5.18
189,fixed,8,42480,5310,0.169,0.11,21.695,0.074,11.89,4.49,5.55,84.4,29.2,6.05
189,heuristic_min_queue,8,39120,4890,1.55,0.116,23.558,0.078,11.72,4.48,5.48,80.6,34.4,5.55
189,heuristic_expected_wait,8,39840,4980,1.315,0.103,23.133,0.077,12,4.5,5.6,80.9,35.1,5.72
189,drl_ppo_agent,8,39840,4980,1.332,0.128,23.133,0.077,12.37,4.53,5.77,80.9,34.7,5.11
190,fixed,8,42240,5280,0.207,0.149,21.818,0.075,11.22,4.43,5.25,83.9,30.8,7.17
190,heuristic_min_queue,8,39840,4980,1.44,0.097,23.133,0.077,11.91,4.49,5.56,80.7,35,5.87
190,heuristic_expected_wait,8,39840,4980,1.276,0.141,23.133,0.077,11.42,4.45,5.35,81.2,34.1,6.68
190,drl_ppo_agent,8,40560,5070,1.122,0.076,22.722,0.076,11.36,4.44,5.31,81.6,33.7,6.93
191,fixed,8,42000,5250,0.19,0.147,21.943,0.074,11.32,4.44,5.29,84,30.6,7
191,heuristic_min_queue,8,39360,4920,1.475,0.105,23.415,0.078,11.48,4.45,5.37,80.5,35.3,6.17
191,heuristic_expected_wait,8,40080,5010,1.332,0.128,22.994,0.077,11.58,4.46,5.41,80.9,34.6,6.57
191,drl_ppo_agent,8,39840,4980,1.332,0.115,23.133,0.078,11.38,4.45,5.33,80.7,35.4,6.74
192,fixed,8,42000,5250,0.25,0.123,21.943,0.075,11.33,4.44,5.3,83.8,31.1,6.98
192,heuristic_min_queue,8,40320,5040,1.16,0.102,22.857,0.076,11.4,4.45,5.33,81.4,34.1,6.86
192,heuristic_expected_wait,8,40080,5010,1.32,0.111,22.994,0.076,11.37,4.44,5.32,81,34.6,6.91
192,drl_ppo_agent,8,39840,4980,1.286,0.151,23.133,0.078,11.96,4.5,5.59,81,34.9,5.79
193,fixed,8,42000,5250,0.295,0.15,21.943,0.075,11.7,4.47,5.47,83.6,31.5,6.36
193,heuristic_min_queue,8,40080,5010,1.228,0.095,22.994,0.076,12.4,4.53,5.78,81.2,34.5,5.2
193,heuristic_expected_wait,8,39840,4980,1.318,0.109,23.133,0.077,10.95,4.41,5.13,81,34.5,7.46
193,drl_ppo_agent,8,39600,4950,1.386,0.113,23.273,0.077,10.93,4.41,5.13,80.8,34.8,7.28
194,fixed,8,42240,5280,0.209,0.133,21.818,0.074,11.89,4.49,5.55,84,30.4,6.06
194,heuristic_min_queue,8,39840,4980,1.286,0.098,23.133,0.077,10.68,4.38,5.01,81.1,34.4,7.91
194,heuristic_expected_wait,8,39600,4950,1.291,0.107,23.273,0.078,11.39,4.45,5.34,81,34.7,6.51
194,drl_ppo_agent,8,40320,5040,1.229,0.08,22.857,0.077,11.36,4.44,5.32,81.3,33.8,6.93
195,fixed,8,42000,5250,0.198,0.144,21.943,0.075,11.63,4.46,5.44,83.9,30.9,6.47
195,heuristic_min_queue,8,40320,5040,1.188,0.092,22.857,0.076,11.67,4.47,5.45,81.4,33.9,6.42
195,heuristic_expected_wait,8,39840,4980,1.16,0.129,23.133,0.077,11.65,4.47,5.45,81.3,34.4,6.31
195,drl_ppo_agent,8,40080,5010,1.272,0.096,22.994,0.077,11.74,4.48,5.49,81.1,34.5,6.3
196,fixed,8,42000,5250,0.244,0.139,21.943,0.074,12.02,4.5,5.61,83.8,30.8,5.83
196,heuristic_min_queue,8,40080,5010,1.344,0.114,22.994,0.077,11.46,4.45,5.36,81,34.3,6.75
196,heuristic_expected_wait,8,40320,5040,1.157,0.132,22.857,0.077,11.64,4.47,5.44,81.5,33.8,6.46
196,drl_ppo_agent,8,39600,4950,1.475,0.101,23.273,0.078,12.29,4.53,5.74,80.7,34.6,5.02
197,fixed,8,42240,5280,0.147,0.112,21.818,0.074,10.66,4.38,5,84.1,30.4,8.09
197,heuristic_min_queue,8,39840,4980,1.304,0.098,23.133,0.077,12.26,4.52,5.72,80.9,34.9,5.29
197,heuristic_expected_wait,8,39600,4950,1.341,0.11,23.273,0.077,11.21,4.43,5.25,80.9,34.7,6.82
197,drl_ppo_agent,8,40080,5010,1.263,0.102,22.994,0.077,11.77,4.48,5.5,81.1,34.5,6.24
198,fixed,8,42000,5250,0.217,0.154,21.943,0.075,11.52,4.45,5.38,83.8,31.1,6.67
198,heuristic_min_queue,8,40080,5010,1.208,0.142,22.994,0.077,11.31,4.44,5.3,81.3,34.1,7
198,heuristic_expected_wait,8,39120,4890,1.427,0.122,23.558,0.078,11.48,4.45,5.37,80.6,35.3,5.96
198,drl_ppo_agent,8,39840,4980,1.252,0.103,23.133,0.077,11.84,4.49,5.53,81,35.1,5.99
199,fixed,8,42000,5250,0.164,0.171,21.943,0.075,11.59,4.46,5.42,83.8,31.4,6.54
199,heuristic_min_queue,8,39360,4920,1.525,0.121,23.415,0.078,12.23,4.52,5.71,80.4,35.4,4.92
199,heuristic_expected_wait,8,39600,4950,1.357,0.129,23.273,0.078,11.45,4.45,5.36,80.9,34.6,6.42
199,drl_ppo_agent,8,39840,4980,1.259,0.093,23.133,0.077,11.58,4.46,5.42,81.1,34.5,6.42
200,fixed,8,41760,5220,0.237,0.15,22.069,0.075,12.54,4.54,5.84,83.7,31.5,4.97
200,heuristic_min_queue,8,40080,5010,1.322,0.11,22.994,0.077,11.92,4.49,5.57,80.9,35.1,5.99
200,heuristic_expected_wait,8,39840,4980,1.27,0.099,23.133,0.077,11.88,4.49,5.55,81.1,34.6,5.91
200,drl_ppo_agent,8,39840,4980,1.397,0.096,23.133,0.077,11.58,4.46,5.42,80.9,34.3,6.42
201,fixed,8,42000,5250,0.244,0.151,21.943,0.075,12.1,4.51,5.65,83.6,32,5.7
201,heuristic_min_queue,8,40080,5010,1.188,0.1,22.994,0.077,12.54,4.55,5.85,81.4,33.8,4.96
201,heuristic_expected_wait,8,39840,4980,1.359,0.133,23.133,0.077,11.48,4.45,5.37,80.8,35.2,6.59
201,drl_ppo_agent,8,40080,5010,1.194,0.138,22.994,0.077,11.32,4.44,5.3,81.2,34.7,6.99
202,fixed,8,42240,5280,0.219,0.167,21.818,0.074,12.55,4.55,5.85,84.1,30.1,4.95
202,heuristic_min_queue,8,40080,5010,1.267,0.097,22.994,0.077,11.74,4.48,5.49,81,34.9,6.29
202,heuristic_expected_wait,8,40080,5010,1.269,0.1,22.994,0.077,12.43,4.54,5.8,81,35,5.15
202,drl_ppo_agent,8,39840,4980,1.289,0.095,23.133,0.077,11.46,4.45,5.36,81,34.9,6.62
203,fixed,8,42240,5280,0.168,0.132,21.818,0.074,12.79,4.57,5.95,84.1,30.6,4.56
203,heuristic_min_queue,8,39360,4920,1.394,0.104,23.415,0.078,12.22,4.52,5.71,80.6,35.6,4.93
203,heuristic_expected_wait,8,39600,4950,1.322,0.164,23.273,0.078,12.4,4.54,5.79,80.8,35.2,4.85
203,drl_ppo_agent,8,39840,4980,1.22,0.139,23.133,0.077,11.76,4.48,5.5,81.1,35,6.11
204,fixed,8,42240,5280,0.196,0.142,21.818,0.074,12.2,4.51,5.69,84,30.8,5.54
204,heuristic_min_queue,8,39840,4980,1.422,0.134,23.133,0.077,12,4.5,5.61,80.6,35.4,5.72
204,heuristic_expected_wait,8,40560,5070,1.115,0.107,22.722,0.076,11.75,4.48,5.49,81.5,33.9,6.28
204,drl_ppo_agent,8,39360,4920,1.581,0.126,23.415,0.078,12.01,4.5,5.61,80.4,34.8,5.28
205,fixed,8,42240,5280,0.214,0.118,21.818,0.075,11.68,4.47,5.46,83.9,30.7,6.4
205,heuristic_min_queue,8,39840,4980,1.251,0.094,23.133,0.077,12.05,4.5,5.63,81.1,34.4,5.64
205,heuristic_expected_wait,8,40080,5010,1.238,0.143,22.994,0.077,11.31,4.44,5.29,81.2,34.2,7.01
205,drl_ppo_agent,8,39840,4980,1.347,0.116,23.133,0.077,11.97,4.5,5.6,80.9,34.7,5.76
206,fixed,8,42000,5250,0.325,0.103,21.943,0.075,11.63,4.46,5.44,83.7,30.9,6.47
206,heuristic_min_queue,8,39600,4950,1.375,0.094,23.273,0.077,11.61,4.47,5.43,80.8,34.7,6.16
206,heuristic_expected_wait,8,40080,5010,1.309,0.118,22.994,0.077,11.56,4.46,5.41,81.1,34.2,6.6
206,drl_ppo_agent,8,39600,4950,1.346,0.092,23.273,0.078,12.1,4.51,5.65,80.8,35,5.34
207,fixed,8,42000,5250,0.235,0.147,21.943,0.075,11.4,4.44,5.33,83.9,30.8,6.86
207,heuristic_min_queue,8,40320,5040,1.208,0.117,22.857,0.076,11.82,4.48,5.52,81.3,34.1,6.17
207,heuristic_expected_wait,8,39840,4980,1.362,0.155,23.133,0.077,10.4,4.36,4.89,80.5,36.1,8.38
207,drl_ppo_agent,8,39840,4980,1.385,0.149,23.133,0.077,11.5,4.46,5.38,80.8,34.8,6.55
208,fixed,8,41760,5220,0.416,0.116,22.069,0.075,11.33,4.44,5.3,83.4,31.5,6.98
208,heuristic_min_queue,8,40320,5040,1.132,0.139,22.857,0.076,12.04,4.5,5.62,81.5,33.8,5.79
208,heuristic_expected_wait,8,39120,4890,1.632,0.159,23.558,0.078,11.52,4.46,5.39,80.1,35.8,5.89
208,drl_ppo_agent,8,40320,5040,1.264,0.09,22.857,0.077,12.16,4.51,5.68,80.9,35.1,5.6
209,fixed,8,42000,5250,0.245,0.163,21.943,0.074,12.1,4.5,5.64,83.8,30.9,5.71
209,heuristic_min_queue,8,39600,4950,1.369,0.11,23.273,0.078,12.56,4.55,5.86,80.8,34.8,4.57
209,heuristic_expected_wait,8,39840,4980,1.348,0.129,23.133,0.077,11.88,4.49,5.56,80.8,35.1,5.91
209,drl_ppo_agent,8,39120,4890,1.354,0.124,23.558,0.078,11.22,4.43,5.26,81.1,34,6.38
210,fixed,8,42000,5250,0.242,0.137,21.943,0.074,11.74,4.47,5.48,83.9,30.8,6.31
210,heuristic_min_queue,8,39600,4950,1.428,0.129,23.273,0.077,13.11,4.6,6.11,80.6,35.3,3.66
210,heuristic_expected_wait,8,39840,4980,1.347,0.137,23.133,0.077,12.07,4.5,5.64,80.9,34.8,5.61
210,drl_ppo_agent,8,39360,4920,1.451,0.095,23.415,0.078,11.18,4.43,5.24,80.8,34.5,6.66
211,fixed,8,42000,5250,0.234,0.128,21.943,0.075,11.66,4.47,5.45,83.7,31.5,6.44
211,heuristic_min_queue,8,39840,4980,1.408,0.07,23.133,0.077,12.17,4.51,5.68,81,33.9,5.44
211,heuristic_expected_wait,8,40080,5010,1.218,0.098,22.994,0.076,11.7,4.47,5.47,81.2,34.5,6.36
211,drl_ppo_agent,8,39600,4950,1.403,0.133,23.273,0.077,10.98,4.41,5.15,80.7,35.2,7.2
212,fixed,8,42240,5280,0.232,0.152,21.818,0.074,12.38,4.53,5.77,84,30.4,5.23
212,heuristic_min_queue,8,39360,4920,1.499,0.114,23.415,0.078,11.62,4.47,5.44,80.3,35.8,5.93
212,heuristic_expected_wait,8,39360,4920,1.343,0.128,23.415,0.078,12.06,4.51,5.63,80.8,35.1,5.2
212,drl_ppo_agent,8,39840,4980,1.311,0.12,23.133,0.077,12.4,4.53,5.78,81,34.6,5.06
213,fixed,8,42000,5250,0.25,0.13,21.943,0.075,11.55,4.46,5.4,83.8,31.2,6.61
213,heuristic_min_queue,8,40080,5010,1.269,0.128,22.994,0.077,11.02,4.41,5.16,81,35,7.5
213,heuristic_expected_wait,8,39840,4980,1.306,0.127,23.133,0.077,11.96,4.5,5.59,81,34.7,5.79
213,drl_ppo_agent,8,39360,4920,1.408,0.106,23.415,0.078,10.92,4.4,5.12,80.8,34.9,7.1
214,fixed,8,41760,5220,0.284,0.179,22.069,0.075,11.25,4.43,5.26,83.5,32,7.11
214,heuristic_min_queue,8,39840,4980,1.357,0.105,23.133,0.077,11.56,4.46,5.41,81,34.4,6.45
214,heuristic_expected_wait,8,39600,4950,1.371,0.097,23.273,0.077,11.43,4.45,5.35,80.9,34.5,6.46
214,drl_ppo_agent,8,39600,4950,1.317,0.123,23.273,0.078,11.33,4.44,5.31,81,34.6,6.61
215,fixed,8,42240,5280,0.202,0.144,21.818,0.074,11.82,4.48,5.52,84.1,30.3,6.16
215,heuristic_min_queue,8,39840,4980,1.355,0.117,23.133,0.077,12.55,4.55,5.86,80.9,34.6,4.8
215,heuristic_expected_wait,8,39360,4920,1.504,0.124,23.415,0.078,11.27,4.44,5.28,80.3,36.1,6.52
215,drl_ppo_agent,8,39600,4950,1.337,0.106,23.273,0.077,12.21,4.52,5.7,81.1,34.2,5.17
216,fixed,8,42720,5340,0.169,0.14,21.573,0.074,11.8,4.48,5.51,84.2,30.2,6.21
216,heuristic_min_queue,8,40320,5040,1.197,0.091,22.857,0.076,12.04,4.5,5.62,81.2,34.7,5.8
216,heuristic_expected_wait,8,39840,4980,1.343,0.133,23.133,0.077,11.41,4.45,5.34,80.8,35,6.71
216,drl_ppo_agent,8,39360,4920,1.333,0.122,23.415,0.078,12.16,4.51,5.68,80.8,35.1,5.04
217,fixed,8,42000,5250,0.292,0.176,21.943,0.075,11.57,4.46,5.41,83.7,31,6.58
217,heuristic_min_queue,8,40560,5070,1.124,0.107,22.722,0.077,12.02,4.5,5.62,81.3,34.6,5.82
217,heuristic_expected_wait,8,40320,5040,1.146,0.09,22.857,0.077,11.74,4.48,5.49,81.3,34.5,6.3
217,drl_ppo_agent,8,39600,4950,1.421,0.104,23.273,0.077,11.55,4.46,5.4,80.8,34.7,6.26
218,fixed,8,42480,5310,0.238,0.169,21.695,0.074,11,4.41,5.15,83.7,31.6,7.53
218,heuristic_min_queue,8,40080,5010,1.339,0.131,22.994,0.077,11.85,4.49,5.54,80.9,34.9,6.11
218,heuristic_expected_wait,8,39840,4980,1.309,0.107,23.133,0.077,11.81,4.48,5.52,81,34.5,6.03
218,drl_ppo_agent,8,39840,4980,1.274,0.126,23.133,0.077,11.78,4.48,5.51,81.1,34.5,6.09
219,fixed,8,42000,5250,0.23,0.117,21.943,0.075,11.63,4.46,5.43,83.8,31.2,6.48
219,heuristic_min_queue,8,39840,4980,1.299,0.075,23.133,0.077,11.76,4.48,5.5,81,34.6,6.12
219,heuristic_expected_wait,8,40080,5010,1.252,0.093,22.994,0.077,11.38,4.45,5.33,81.1,34.6,6.88
219,drl_ppo_agent,8,39600,4950,1.314,0.119,23.273,0.078,12.52,4.55,5.84,80.9,34.8,4.64
220,fixed,8,41760,5220,0.287,0.132,22.069,0.075,11.7,4.47,5.46,83.5,31.9,6.37
220,heuristic_min_queue,8,39840,4980,1.448,0.077,23.133,0.077,11.99,4.5,5.6,80.5,35.4,5.73
220,heuristic_expected_wait,8,40080,5010,1.181,0.08,22.994,0.077,12.03,4.5,5.62,81.4,34.1,5.81
220,drl_ppo_agent,8,39600,4950,1.36,0.09,23.273,0.077,11.23,4.43,5.26,81,34.1,6.79
221,fixed,8,42240,5280,0.27,0.121,21.818,0.075,10.88,4.4,5.1,83.8,31,7.73
221,heuristic_min_queue,8,39840,4980,1.33,0.122,23.133,0.078,11.71,4.47,5.48,80.9,35,6.19
221,heuristic_expected_wait,8,39840,4980,1.257,0.118,23.133,0.077,11.17,4.43,5.23,81.2,34.2,7.11
221,drl_ppo_agent,8,40320,5040,1.259,0.106,22.857,0.077,12.06,4.5,5.63,81.3,33.8,5.75
222,fixed,8,41760,5220,0.275,0.097,22.069,0.075,11.15,4.42,5.22,83.8,31,7.27
222,heuristic_min_queue,8,39840,4980,1.276,0.124,23.133,0.077,11.87,4.49,5.55,81,34.9,5.94
222,heuristic_expected_wait,8,39840,4980,1.347,0.091,23.133,0.076,12.03,4.5,5.62,81.2,33.3,5.67
222,drl_ppo_agent,8,40080,5010,1.237,0.109,22.994,0.077,11.98,4.5,5.6,81.2,34.3,5.89
223,fixed,8,42240,5280,0.207,0.11,21.818,0.074,11.41,4.44,5.34,84,30.4,6.84
223,heuristic_min_queue,8,39840,4980,1.258,0.114,23.133,0.077,11.92,4.49,5.57,81.1,34.7,5.86
223,heuristic_expected_wait,8,39840,4980,1.096,0.133,23.133,0.078,12.29,4.53,5.74,81.4,34.6,5.23
223,drl_ppo_agent,8,39600,4950,1.306,0.147,23.273,0.077,12.15,4.51,5.68,81,34.5,5.25
224,fixed,8,42240,5280,0.21,0.106,21.818,0.075,11.88,4.49,5.55,83.9,30.8,6.06
224,heuristic_min_queue,8,40080,5010,1.209,0.119,22.994,0.077,11.98,4.5,5.6,81.3,34,5.89
224,heuristic_expected_wait,8,39840,4980,1.419,0.109,23.133,0.077,12.37,4.53,5.78,80.7,34.9,5.1
224,drl_ppo_agent,8,39840,4980,1.4,0.103,23.133,0.077,12.18,4.52,5.69,80.7,35,5.41
225,fixed,8,42000,5250,0.23,0.155,21.943,0.074,11.78,4.48,5.5,83.8,31,6.23
225,heuristic_min_queue,8,39840,4980,1.33,0.115,23.133,0.077,12.35,4.53,5.76,81,34.6,5.13
225,heuristic_expected_wait,8,40080,5010,1.249,0.115,22.994,0.077,11.38,4.44,5.33,81.1,34.7,6.88
225,drl_ppo_agent,8,40080,5010,1.226,0.109,22.994,0.077,10.74,4.39,5.04,81.1,34.9,7.95
226,fixed,8,42480,5310,0.166,0.102,21.695,0.074,11.55,4.46,5.4,83.9,31.1,6.62
226,heuristic_min_queue,8,39840,4980,1.299,0.111,23.133,0.077,11.82,4.48,5.53,80.9,35.1,6.01
226,heuristic_expected_wait,8,40080,5010,1.178,0.117,22.994,0.077,12.15,4.51,5.67,81.3,34.3,5.61
226,drl_ppo_agent,8,40320,5040,1.161,0.117,22.857,0.076,12.06,4.5,5.63,81.5,33.5,5.76
227,fixed,8,42240,5280,0.22,0.148,21.818,0.074,12.15,4.51,5.66,83.8,31.1,5.62
227,heuristic_min_queue,8,40080,5010,1.306,0.128,22.994,0.077,11.22,4.43,5.26,81,34.6,7.15
227,heuristic_expected_wait,8,39840,4980,1.189,0.151,23.133,0.077,11.84,4.49,5.53,81.2,34.5,5.99
227,drl_ppo_agent,8,39600,4950,1.319,0.136,23.273,0.078,11.44,4.45,5.36,80.8,35.2,6.44
228,fixed,8,41760,5220,0.3,0.138,22.069,0.075,11.87,4.49,5.54,83.7,31.1,6.08
228,heuristic_min_queue,8,39840,4980,1.334,0.111,23.133,0.078,10.54,4.37,4.95,80.9,34.7,8.14
228,heuristic_expected_wait,8,39840,4980,1.26,0.124,23.133,0.077,12.4,4.53,5.79,81,34.8,5.05
228,drl_ppo_agent,8,40080,5010,1.271,0.106,22.994,0.077,11.55,4.46,5.41,81.2,33.9,6.6
229,fixed,8,42240,5280,0.19,0.152,21.818,0.074,11.44,4.45,5.35,84.2,29.9,6.79
229,heuristic_min_queue,8,39840,4980,1.282,0.106,23.133,0.077,12.02,4.5,5.62,81.2,34.1,5.68
229,heuristic_expected_wait,8,39840,4980,1.378,0.092,23.133,0.077,12.42,4.54,5.79,80.8,34.9,5.02
229,drl_ppo_agent,8,40560,5070,1.193,0.1,22.722,0.076,11.61,4.46,5.43,81.2,34.5,6.51
230,fixed,8,42240,5280,0.178,0.133,21.818,0.074,13.4,4.62,6.23,83.8,31.6,3.53
230,heuristic_min_queue,8,39360,4920,1.381,0.134,23.415,0.078,12.23,4.52,5.71,80.7,35.4,4.91
230,heuristic_expected_wait,8,39600,4950,1.453,0.113,23.273,0.077,12.18,4.52,5.69,80.5,35.4,5.2
230,drl_ppo_agent,8,39600,4950,1.442,0.111,23.273,0.078,11.42,4.45,5.35,80.5,35.6,6.47
231,fixed,8,42000,5250,0.219,0.171,21.943,0.075,11.65,4.47,5.44,83.8,31.1,6.45
231,heuristic_min_queue,8,39600,4950,1.314,0.121,23.273,0.077,12.36,4.53,5.77,81,34.5,4.91
231,heuristic_expected_wait,8,39360,4920,1.44,0.13,23.415,0.078,11.21,4.43,5.25,80.7,34.9,6.61
231,drl_ppo_agent,8,39840,4980,1.348,0.107,23.133,0.077,12.86,4.57,5.99,80.9,34.9,4.28
232,fixed,8,42000,5250,0.26,0.18,21.943,0.075,11.63,4.46,5.43,83.7,31.2,6.48
232,heuristic_min_queue,8,40080,5010,1.215,0.092,22.994,0.076,11.06,4.42,5.18,81.2,34.6,7.43
232,heuristic_expected_wait,8,39120,4890,1.457,0.093,23.558,0.078,11.36,4.44,5.32,80.6,35.2,6.16
232,drl_ppo_agent,8,40080,5010,1.292,0.135,22.994,0.077,11.85,4.49,5.54,81,34.8,6.11
233,fixed,8,42000,5250,0.218,0.16,21.943,0.074,11.22,4.43,5.25,84.1,30.1,7.16
233,heuristic_min_queue,8,39840,4980,1.207,0.09,23.133,0.077,11.27,4.43,5.28,81.3,34,6.94
233,heuristic_expected_wait,8,40320,5040,1.201,0.117,22.857,0.076,11.89,4.49,5.56,81.3,34,6.04
233,drl_ppo_agent,8,40080,5010,1.262,0.112,22.994,0.077,11.01,4.41,5.16,81.1,34.5,7.51
234,fixed,8,42240,5280,0.174,0.141,21.818,0.075,12.04,4.5,5.62,84.2,29.9,5.8
234,heuristic_min_queue,8,39840,4980,1.325,0.111,23.133,0.077,11.67,4.47,5.46,81.1,34,6.27
234,heuristic_expected_wait,8,39840,4980,1.295,0.125,23.133,0.077,11.49,4.45,5.38,81,34.6,6.57
234,drl_ppo_agent,8,40080,5010,1.387,0.129,22.994,0.076,12.27,4.52,5.73,80.7,35.3,5.41
235,fixed,8,42000,5250,0.22,0.141,21.943,0.075,11.05,4.41,5.18,83.9,31,7.44
235,heuristic_min_queue,8,39840,4980,1.197,0.077,23.133,0.077,11.9,4.49,5.56,81.3,34.3,5.88
235,heuristic_expected_wait,8,39600,4950,1.388,0.119,23.273,0.078,12.59,4.55,5.87,80.8,34.7,4.52
235,drl_ppo_agent,8,40080,5010,1.238,0.11,22.994,0.077,12.13,4.51,5.66,81.2,34.1,5.65
236,fixed,8,42480,5310,0.194,0.125,21.695,0.074,10.64,4.38,4.99,83.8,31.5,8.12
236,heuristic_min_queue,8,40320,5040,1.244,0.118,22.857,0.076,11.96,4.5,5.59,81.1,34.5,5.92
236,heuristic_expected_wait,8,39600,4950,1.297,0.107,23.273,0.078,11.49,4.46,5.38,81.1,34.4,6.35
236,drl_ppo_agent,8,39360,4920,1.489,0.115,23.415,0.078,12.05,4.5,5.63,80.4,35.7,5.21
237,fixed,8,42480,5310,0.171,0.153,21.695,0.074,11.76,4.47,5.49,84.1,30.5,6.27
237,heuristic_min_queue,8,39840,4980,1.262,0.118,23.133,0.077,11.57,4.46,5.42,81.1,34.6,6.43
237,heuristic_expected_wait,8,40320,5040,1.194,0.117,22.857,0.076,12.57,4.55,5.86,81.4,33.9,4.91
237,drl_ppo_agent,8,40080,5010,1.3,0.081,22.994,0.077,11.01,4.41,5.16,81,34.6,7.51
238,fixed,8,41520,5190,0.318,0.143,22.197,0.075,12.01,4.5,5.61,83.7,31,5.85
238,heuristic_min_queue,8,39840,4980,1.384,0.087,23.133,0.077,10.66,4.38,5.01,80.9,34.3,7.94
238,heuristic_expected_wait,8,40560,5070,1.102,0.077,22.722,0.076,11.18,4.43,5.24,81.6,33.7,7.22
238,drl_ppo_agent,8,39600,4950,1.471,0.126,23.273,0.077,11.37,4.44,5.32,80.4,35.8,6.55
239,fixed,8,42000,5250,0.293,0.151,21.943,0.074,11.54,4.46,5.39,83.5,32,6.64
239,heuristic_min_queue,8,39840,4980,1.279,0.103,23.133,0.078,11.51,4.46,5.39,81,34.9,6.53
239,heuristic_expected_wait,8,40080,5010,1.213,0.124,22.994,0.077,12.21,4.52,5.7,81.1,34.9,5.52
239,drl_ppo_agent,8,40080,5010,1.294,0.118,22.994,0.077,11.99,4.5,5.6,81,34.8,5.87
240,fixed,8,42000,5250,0.315,0.137,21.943,0.075,11.76,4.48,5.49,83.7,31,6.26
240,heuristic_min_queue,8,39840,4980,1.395,0.125,23.133,0.077,12.05,4.5,5.63,80.8,34.9,5.64
240,heuristic_expected_wait,8,39840,4980,1.35,0.139,23.133,0.077,11.55,4.46,5.4,80.6,35.7,6.47
240,drl_ppo_agent,8,39600,4950,1.294,0.077,23.273,0.077,12.16,4.51,5.68,81.1,34.4,5.23
241,fixed,8,42000,5250,0.187,0.149,21.943,0.075,11.68,4.47,5.46,84,30.7,6.39
241,heuristic_min_queue,8,40080,5010,1.249,0.1,22.994,0.077,10.81,4.39,5.07,81.3,33.8,7.83
241,heuristic_expected_wait,8,38880,4860,1.59,0.137,23.704,0.079,11.25,4.44,5.27,80.3,35.2,6.13
241,drl_ppo_agent,8,40080,5010,1.295,0.108,22.994,0.077,11.94,4.49,5.58,81,34.8,5.96
242,fixed,8,42240,5280,0.21,0.137,21.818,0.074,11.6,4.46,5.42,84.1,30.3,6.54
242,heuristic_min_queue,8,39360,4920,1.43,0.138,23.415,0.078,12.64,4.56,5.9,80.5,35.7,4.23
242,heuristic_expected_wait,8,39840,4980,1.363,0.076,23.133,0.077,12.5,4.54,5.83,80.7,35.4,4.89
242,drl_ppo_agent,8,39600,4950,1.306,0.151,23.273,0.077,12.15,4.51,5.67,81.1,34.3,5.26
243,fixed,8,42240,5280,0.227,0.129,21.818,0.074,11.36,4.44,5.31,84,30.4,6.93
243,heuristic_min_queue,8,39600,4950,1.376,0.125,23.273,0.077,11.82,4.48,5.53,80.8,34.8,5.8
243,heuristic_expected_wait,8,39840,4980,1.258,0.104,23.133,0.077,11.2,4.43,5.24,81.1,34.7,7.06
243,drl_ppo_agent,8,39360,4920,1.345,0.107,23.415,0.078,11.83,4.48,5.53,80.8,35,5.59
244,fixed,8,42000,5250,0.274,0.166,21.943,0.075,11.14,4.42,5.21,83.6,31.5,7.3
244,heuristic_min_queue,8,39120,4890,1.573,0.086,23.558,0.077,11.19,4.43,5.24,80.3,35.3,6.44
244,heuristic_expected_wait,8,39840,4980,1.393,0.094,23.133,0.077,12.16,4.51,5.68,80.9,34.2,5.46
244,drl_ppo_agent,8,40080,5010,1.132,0.112,22.994,0.077,11.55,4.46,5.4,81.4,34.3,6.6
245,fixed,8,41760,5220,0.277,0.118,22.069,0.075,12.32,4.52,5.74,83.5,32,5.33
245,heuristic_min_queue,8,39600,4950,1.364,0.138,23.273,0.078,11.76,4.48,5.5,80.9,34.7,5.91
245,heuristic_expected_wait,8,39600,4950,1.308,0.114,23.273,0.078,12.7,4.56,5.92,80.8,35.2,4.34
245,drl_ppo_agent,8,39840,4980,1.184,0.11,23.133,0.078,11.85,4.49,5.54,81.1,34.9,5.97
246,fixed,8,42000,5250,0.263,0.139,21.943,0.074,12.07,4.5,5.63,83.9,30.5,5.75
246,heuristic_min_queue,8,39840,4980,1.219,0.11,23.133,0.077,11.34,4.44,5.31,81.2,34.2,6.82
246,heuristic_expected_wait,8,39600,4950,1.318,0.104,23.273,0.077,12.23,4.52,5.71,80.9,34.9,5.13
246,drl_ppo_agent,8,39600,4950,1.408,0.097,23.273,0.078,12.15,4.51,5.68,80.8,34.8,5.25
247,fixed,8,41760,5220,0.278,0.165,22.069,0.075,11.05,4.41,5.17,83.7,31.4,7.44
247,heuristic_min_queue,8,39600,4950,1.36,0.141,23.273,0.078,11.5,4.46,5.38,80.8,35,6.33
247,heuristic_expected_wait,8,39840,4980,1.341,0.114,23.133,0.077,10.88,4.4,5.1,80.9,34.6,7.58
247,drl_ppo_agent,8,40080,5010,1.241,0.116,22.994,0.077,11.2,4.43,5.25,81.2,34.1,7.19
248,fixed,8,42000,5250,0.257,0.144,21.943,0.075,11.67,4.47,5.45,83.9,30.6,6.41
248,heuristic_min_queue,8,40080,5010,1.319,0.128,22.994,0.077,10.96,4.41,5.14,81,34.5,7.59
248,heuristic_expected_wait,8,39840,4980,1.363,0.123,23.133,0.077,11.72,4.48,5.48,80.9,34.8,6.18
248,drl_ppo_agent,8,39840,4980,1.222,0.086,23.133,0.077,11.97,4.5,5.59,81.2,34.3,5.77
249,fixed,8,42480,5310,0.182,0.097,21.695,0.074,11.81,4.48,5.51,84,30.6,6.18
249,heuristic_min_queue,8,40080,5010,1.393,0.083,22.994,0.077,11.69,4.47,5.47,80.6,35.6,6.38
249,heuristic_expected_wait,8,39840,4980,1.327,0.114,23.133,0.077,11.59,4.46,5.42,80.6,35.9,6.4
249,drl_ppo_agent,8,39840,4980,1.29,0.141,23.133,0.077,11.49,4.45,5.38,81,34.6,6.56
250,fixed,8,42240,5280,0.335,0.118,21.818,0.074,11.82,4.48,5.52,83.7,30.8,6.17
250,heuristic_min_queue,8,39840,4980,1.346,0.127,23.133,0.077,11.21,4.43,5.25,80.9,34.9,7.02
250,heuristic_expected_wait,8,40560,5070,1.086,0.084,22.722,0.076,10.91,4.4,5.11,81.5,34.3,7.68
250,drl_ppo_agent,8,40080,5010,1.176,0.114,22.994,0.077,10.67,4.38,5.01,81.2,34.9,8.06
251,fixed,8,42000,5250,0.262,0.131,21.943,0.075,12.23,4.52,5.71,83.9,30.4,5.48
251,heuristic_min_queue,8,39360,4920,1.44,0.119,23.415,0.078,12.03,4.5,5.62,80.6,35.3,5.25
251,heuristic_expected_wait,8,39600,4950,1.307,0.12,23.273,0.077,11.78,4.48,5.51,80.9,34.9,5.87
251,drl_ppo_agent,8,39840,4980,1.299,0.101,23.133,0.077,12.18,4.52,5.69,81,34.5,5.42
252,fixed,8,41760,5220,0.229,0.168,22.069,0.075,12.3,4.52,5.74,84,30.5,5.36
252,heuristic_min_queue,8,39360,4920,1.519,0.095,23.415,0.078,11.16,4.43,5.23,80.4,35.3,6.69
252,heuristic_expected_wait,8,39840,4980,1.219,0.091,23.133,0.077,11.99,4.5,5.6,81.1,34.7,5.74
252,drl_ppo_agent,8,40320,5040,1.125,0.115,22.857,0.076,11.3,4.44,5.29,81.4,34.1,7.03
253,fixed,8,42240,5280,0.199,0.153,21.818,0.075,11.58,4.46,5.41,84,30.7,6.56
253,heuristic_min_queue,8,40320,5040,1.262,0.097,22.857,0.076,11.55,4.46,5.4,81.2,33.9,6.62
253,heuristic_expected_wait,8,39840,4980,1.317,0.125,23.133,0.077,11.17,4.43,5.23,81,34.4,7.1
253,drl_ppo_agent,8,40320,5040,1.248,0.095,22.857,0.076,11.47,4.45,5.37,81.2,34.2,6.74
254,fixed,8,41760,5220,0.222,0.119,22.069,0.075,11.71,4.47,5.47,83.9,30.8,6.35
254,heuristic_min_queue,8,39840,4980,1.424,0.11,23.133,0.077,11.07,4.42,5.19,80.8,34.7,7.26
254,heuristic_expected_wait,8,39600,4950,1.251,0.089,23.273,0.078,11.24,4.43,5.26,81.2,34.3,6.77
254,drl_ppo_agent,8,40080,5010,1.305,0.114,22.994,0.077,12.12,4.51,5.66,81,34.7,5.66
255,fixed,8,41760,5220,0.294,0.084,22.069,0.075,11.89,4.49,5.55,83.7,31.1,6.04
255,heuristic_min_queue,8,40080,5010,1.249,0.098,22.994,0.076,11.91,4.49,5.57,81.1,34.5,6
255,heuristic_expected_wait,8,39600,4950,1.403,0.116,23.273,0.077,12.36,4.53,5.77,80.7,35.3,4.9
255,drl_ppo_agent,8,38880,4860,1.593,0.126,23.704,0.078,11.33,4.44,5.31,80.2,35.7,5.99
256,fixed,8,42240,5280,0.21,0.115,21.818,0.074,11.42,4.45,5.34,84,30.6,6.84
256,heuristic_min_queue,8,39840,4980,1.371,0.108,23.133,0.077,12,4.5,5.61,80.8,34.8,5.71
256,heuristic_expected_wait,8,39840,4980,1.256,0.114,23.133,0.077,11.67,4.47,5.46,81,35.1,6.26
256,drl_ppo_agent,8,40080,5010,1.216,0.095,22.994,0.077,11.55,4.46,5.4,81.3,33.9,6.61
257,fixed,8,42480,5310,0.173,0.114,21.695,0.074,11.42,4.44,5.34,83.9,31,6.84
257,heuristic_min_queue,8,40320,5040,1.214,0.096,22.857,0.076,11.8,4.48,5.51,81,35.2,6.19
257,heuristic_expected_wait,8,40080,5010,1.216,0.09,22.994,0.077,11.05,4.42,5.18,81.2,34.3,7.43
257,drl_ppo_agent,8,40080,5010,1.266,0.114,22.994,0.077,11.96,4.5,5.59,81,34.8,5.93
258,fixed,8,41760,5220,0.232,0.137,22.069,0.075,12.15,4.51,5.67,83.9,30.9,5.62
258,heuristic_min_queue,8,40080,5010,1.357,0.088,22.994,0.077,12.06,4.5,5.63,80.8,34.9,5.76
258,heuristic_expected_wait,8,39600,4950,1.474,0.105,23.273,0.078,11.32,4.44,5.3,80.5,35.3,6.64
258,drl_ppo_agent,8,39840,4980,1.342,0.116,23.133,0.078,12.99,4.59,6.05,80.7,35.4,4.07
259,fixed,8,42480,5310,0.218,0.133,21.695,0.074,11.37,4.44,5.31,83.6,31.9,6.92
259,heuristic_min_queue,8,40320,5040,1.124,0.093,22.857,0.076,11.38,4.44,5.33,81.5,34,6.89
259,heuristic_expected_wait,8,40080,5010,1.258,0.111,22.994,0.077,11.37,4.44,5.32,81,34.8,6.9
259,drl_ppo_agent,8,39360,4920,1.502,0.075,23.415,0.077,12.92,4.58,6.02,80.4,35.6,3.76
260,fixed,8,41760,5220,0.242,0.163,22.069,0.075,11.83,4.48,5.52,84,30.3,6.16
260,heuristic_min_queue,8,40080,5010,1.269,0.114,22.994,0.077,11.51,4.46,5.39,81,34.7,6.67
260,heuristic_expected_wait,8,39600,4950,1.437,0.121,23.273,0.078,12.33,4.53,5.76,80.7,34.9,4.95
260,drl_ppo_agent,8,40080,5010,1.242,0.095,22.994,0.077,11.52,4.46,5.39,81.3,33.9,6.66
261,fixed,8,42480,5310,0.178,0.097,21.695,0.074,10.86,4.4,5.09,84.2,30,7.76
261,heuristic_min_queue,8,39360,4920,1.364,0.143,23.415,0.078,11.13,4.42,5.22,80.9,34.7,6.74
261,heuristic_expected_wait,8,39600,4950,1.392,0.117,23.273,0.078,12.06,4.51,5.64,80.8,34.6,5.4
261,drl_ppo_agent,8,40080,5010,1.258,0.113,22.994,0.077,12.39,4.53,5.78,81.2,34.2,5.21
262,fixed,8,41760,5220,0.334,0.152,22.069,0.075,12.38,4.53,5.77,83.6,31.1,5.24
262,heuristic_min_queue,8,40080,5010,1.34,0.086,22.994,0.077,10.71,4.39,5.03,80.9,34.7,8
262,heuristic_expected_wait,8,39360,4920,1.429,0.128,23.415,0.078,12.04,4.5,5.63,80.6,35.3,5.24
262,drl_ppo_agent,8,39120,4890,1.514,0.142,23.558,0.078,11.43,4.45,5.35,80.5,35.2,6.04
263,fixed,8,41760,5220,0.273,0.145,22.069,0.075,11.35,4.44,5.31,83.9,30.4,6.95
263,heuristic_min_queue,8,40320,5040,1.194,0.106,22.857,0.077,11.43,4.45,5.35,81.4,33.9,6.82
263,heuristic_expected_wait,8,39600,4950,1.345,0.138,23.273,0.077,11.18,4.43,5.24,80.8,35,6.88
263,drl_ppo_agent,8,40320,5040,1.262,0.084,22.857,0.076,11.67,4.47,5.46,80.9,35.4,6.41
264,fixed,8,42240,5280,0.185,0.144,21.818,0.074,12.16,4.51,5.67,83.9,31,5.6
264,heuristic_min_queue,8,39120,4890,1.53,0.141,23.558,0.078,12.48,4.54,5.83,80.3,35.7,4.28
264,heuristic_expected_wait,8,40080,5010,1.233,0.099,22.994,0.077,11.82,4.48,5.53,81.2,34.4,6.15
264,drl_ppo_agent,8,39600,4950,1.358,0.104,23.273,0.077,10.78,4.39,5.06,80.9,34.8,7.53
265,fixed,8,42240,5280,0.24,0.153,21.818,0.075,10.64,4.38,4.99,83.9,30.9,8.13
265,heuristic_min_queue,8,39840,4980,1.41,0.108,23.133,0.077,11.09,4.42,5.2,80.8,34.6,7.24
265,heuristic_expected_wait,8,40560,5070,1.143,0.082,22.722,0.076,11.38,4.44,5.32,81.6,33.4,6.9
265,drl_ppo_agent,8,39840,4980,1.285,0.098,23.133,0.077,11.44,4.45,5.36,81,34.9,6.64
266,fixed,8,42000,5250,0.174,0.155,21.943,0.074,11.03,4.41,5.16,84,30.9,7.49
266,heuristic_min_queue,8,40080,5010,1.291,0.104,22.994,0.077,11.68,4.47,5.46,81.1,34.2,6.39
266,heuristic_expected_wait,8,39600,4950,1.402,0.118,23.273,0.078,11.49,4.46,5.38,80.6,35.6,6.35
266,drl_ppo_agent,8,39600,4950,1.383,0.104,23.273,0.077,11.48,4.45,5.37,80.7,35.3,6.37
267,fixed,8,42240,5280,0.255,0.134,21.818,0.074,11.64,4.46,5.44,83.9,30.4,6.46
267,heuristic_min_queue,8,39840,4980,1.343,0.105,23.133,0.077,12.09,4.51,5.65,81,34.4,5.57
267,heuristic_expected_wait,8,39360,4920,1.369,0.13,23.415,0.078,11.82,4.49,5.53,80.7,35.3,5.59
267,drl_ppo_agent,8,40080,5010,1.248,0.098,22.994,0.077,11.62,4.47,5.44,81,35,6.49
268,fixed,8,42240,5280,0.229,0.105,21.818,0.074,12.01,4.5,5.61,83.8,31.2,5.84
268,heuristic_min_queue,8,40080,5010,1.344,0.108,22.994,0.077,13.08,4.59,6.09,81,34.2,4.06
268,heuristic_expected_wait,8,40560,5070,1.139,0.092,22.722,0.076,12.43,4.54,5.79,81.3,34.7,5.15
268,drl_ppo_agent,8,39840,4980,1.283,0.113,23.133,0.077,11.12,4.42,5.21,81,34.6,7.19
269,fixed,8,42240,5280,0.252,0.156,21.818,0.074,11.24,4.43,5.26,83.8,30.9,7.13
269,heuristic_min_queue,8,39840,4980,1.36,0.117,23.133,0.077,11.55,4.46,5.4,80.9,34.8,6.47
269,heuristic_expected_wait,8,39840,4980,1.21,0.153,23.133,0.077,11.49,4.45,5.38,81.2,34.7,6.57
269,drl_ppo_agent,8,40080,5010,1.329,0.12,22.994,0.076,10.16,4.34,4.78,80.9,35,8.92
270,fixed,8,42000,5250,0.281,0.163,21.943,0.074,11.75,4.47,5.49,83.7,31,6.29
270,heuristic_min_queue,8,39840,4980,1.373,0.086,23.133,0.078,11.32,4.44,5.3,80.9,34.5,6.85
270,heuristic_expected_wait,8,39600,4950,1.301,0.118,23.273,0.077,10.74,4.39,5.04,81,34.6,7.6
270,drl_ppo_agent,8,39360,4920,1.436,0.136,23.415,0.078,11.27,4.44,5.28,80.7,35,6.51
271,fixed,8,42240,5280,0.205,0.135,21.818,0.074,11.97,4.49,5.59,84,30.7,5.92
271,heuristic_min_queue,8,39840,4980,1.375,0.111,23.133,0.077,12.03,4.5,5.62,80.8,34.9,5.67
271,heuristic_expected_wait,8,40080,5010,1.316,0.092,22.994,0.077,13.2,4.61,6.15,80.9,35.1,3.86
271,drl_ppo_agent,8,39600,4950,1.513,0.108,23.273,0.078,10.75,4.39,5.04,80.4,35.6,7.59
272,fixed,8,42000,5250,0.242,0.141,21.943,0.075,11.07,4.42,5.18,83.9,30.7,7.41
272,heuristic_min_queue,8,40080,5010,1.25,0.15,22.994,0.077,10.93,4.4,5.12,81.2,34.1,7.64
272,heuristic_expected_wait,8,40080,5010,1.227,0.092,22.994,0.077,11.79,4.48,5.51,81.4,33.5,6.21
272,drl_ppo_agent,8,40320,5040,1.333,0.076,22.857,0.077,11.38,4.44,5.33,80.9,34.8,6.9
273,fixed,8,42000,5250,0.237,0.15,21.943,0.075,12.14,4.51,5.66,83.8,31.1,5.63
273,heuristic_min_queue,8,40080,5010,1.219,0.137,22.994,0.077,12.01,4.5,5.61,81.2,34.3,5.85
273,heuristic_expected_wait,8,39600,4950,1.295,0.097,23.273,0.078,11.83,4.49,5.53,81,34.6,5.78
273,drl_ppo_agent,8,40080,5010,1.23,0.135,22.994,0.077,11.61,4.46,5.43,81.1,34.5,6.51
274,fixed,8,42480,5310,0.16,0.134,21.695,0.074,13.2,4.6,6.14,84.2,30.1,3.87
274,heuristic_min_queue,8,39840,4980,1.249,0.096,23.133,0.077,13,4.59,6.06,81.3,33.9,4.05
274,heuristic_expected_wait,8,39840,4980,1.273,0.112,23.133,0.077,11.98,4.5,5.6,81.2,34.2,5.76
274,drl_ppo_agent,8,39840,4980,1.31,0.104,23.133,0.077,11.89,4.49,5.56,80.8,35.4,5.89
275,fixed,8,42240,5280,0.192,0.135,21.818,0.075,12.83,4.57,5.97,84.1,30.2,4.48
275,heuristic_min_queue,8,40320,5040,1.214,0.095,22.857,0.076,12.57,4.55,5.86,81.3,34.1,4.91
275,heuristic_expected_wait,8,39840,4980,1.2,0.095,23.133,0.077,11.67,4.47,5.46,81.3,34.1,6.27
275,drl_ppo_agent,8,39840,4980,1.222,0.146,23.133,0.077,11.52,4.46,5.39,81.2,34.3,6.52
276,fixed,8,41760,5220,0.288,0.142,22.069,0.075,12.19,4.51,5.69,83.7,31.1,5.56
276,heuristic_min_queue,8,39840,4980,1.247,0.093,23.133,0.077,11.35,4.44,5.31,81.1,34.6,6.8
276,heuristic_expected_wait,8,39600,4950,1.409,0.122,23.273,0.077,11.36,4.44,5.32,80.6,35.4,6.57
276,drl_ppo_agent,8,39600,4950,1.409,0.143,23.273,0.078,10.83,4.4,5.08,80.7,35,7.46
277,fixed,8,41760,5220,0.287,0.158,22.069,0.075,11.76,4.48,5.49,83.7,31,6.27
277,heuristic_min_queue,8,39840,4980,1.332,0.115,23.133,0.077,11.68,4.47,5.46,80.8,35.2,6.24
277,heuristic_expected_wait,8,39840,4980,1.266,0.103,23.133,0.077,12.55,4.55,5.85,81.2,34.2,4.8
277,drl_ppo_agent,8,39840,4980,1.237,0.077,23.133,0.077,11.38,4.45,5.33,81.1,34.7,6.75
278,fixed,8,42000,5250,0.251,0.128,21.943,0.075,11.71,4.47,5.47,84,30.2,6.35
278,heuristic_min_queue,8,39600,4950,1.388,0.131,23.273,0.077,10.89,4.4,5.11,80.7,35.2,7.35
278,heuristic_expected_wait,8,40080,5010,1.224,0.105,22.994,0.077,11.74,4.48,5.49,81.3,34,6.3
278,drl_ppo_agent,8,40320,5040,1.174,0.128,22.857,0.076,11.66,4.47,5.45,81.3,34.2,6.42
279,fixed,8,41760,5220,0.238,0.137,22.069,0.075,11.51,4.45,5.38,83.9,30.7,6.68
279,heuristic_min_queue,8,39840,4980,1.311,0.103,23.133,0.077,11.7,4.47,5.47,81.1,34.1,6.22
279,heuristic_expected_wait,8,39840,4980,1.317,0.089,23.133,0.077,11.6,4.46,5.43,80.9,35,6.38
279,drl_ppo_agent,8,39360,4920,1.46,0.109,23.415,0.078,11.95,4.5,5.59,80.5,35.4,5.38
280,fixed,8,42000,5250,0.295,0.151,21.943,0.075,11.77,4.48,5.5,83.5,31.9,6.25
280,heuristic_min_queue,8,39120,4890,1.421,0.103,23.558,0.079,11.21,4.43,5.26,80.5,35.8,6.39
280,heuristic_expected_wait,8,40560,5070,1.059,0.084,22.722,0.076,12.12,4.51,5.66,81.6,34,5.67
280,drl_ppo_agent,8,39840,4980,1.328,0.1,23.133,0.078,12.32,4.53,5.75,80.9,34.8,5.19
281,fixed,8,42000,5250,0.231,0.141,21.943,0.074,10.97,4.41,5.14,83.9,30.9,7.57
281,heuristic_min_queue,8,39840,4980,1.367,0.103,23.133,0.077,12.66,4.56,5.91,80.9,34.7,4.61
281,heuristic_expected_wait,8,39840,4980,1.353,0.129,23.133,0.077,11.76,4.48,5.5,80.9,34.6,6.12
281,drl_ppo_agent,8,40080,5010,1.25,0.103,22.994,0.077,12.64,4.56,5.89,81.2,34.3,4.79
282,fixed,8,42240,5280,0.228,0.142,21.818,0.075,12.07,4.5,5.63,83.8,31.3,5.74
282,heuristic_min_queue,8,39840,4980,1.339,0.113,23.133,0.076,12.1,4.51,5.65,80.8,35,5.55
282,heuristic_expected_wait,8,39120,4890,1.571,0.121,23.558,0.078,11.85,4.49,5.54,80.2,35.9,5.34
282,drl_ppo_agent,8,40320,5040,1.24,0.075,22.857,0.076,10.87,4.4,5.09,81.2,34.2,7.75
283,fixed,8,42240,5280,0.186,0.121,21.818,0.074,11.69,4.47,5.46,84,30.6,6.38
283,heuristic_min_queue,8,39360,4920,1.581,0.099,23.415,0.078,11.45,4.45,5.36,80.4,34.9,6.21
283,heuristic_expected_wait,8,39840,4980,1.345,0.117,23.133,0.077,11.67,4.47,5.46,80.7,35.4,6.27
283,drl_ppo_agent,8,39840,4980,1.32,0.121,23.133,0.077,11.45,4.45,5.36,80.7,35.5,6.64
284,fixed,8,42480,5310,0.201,0.128,21.695,0.074,11.05,4.41,5.17,84.2,29.7,7.45
284,heuristic_min_queue,8,40080,5010,1.252,0.101,22.994,0.077,11.18,4.43,5.24,81.2,34.3,7.23
284,heuristic_expected_wait,8,40560,5070,1.108,0.105,22.722,0.076,11.15,4.42,5.22,81.5,34.1,7.28
284,drl_ppo_agent,8,39840,4980,1.382,0.088,23.133,0.077,12.14,4.51,5.67,80.9,34.3,5.49
285,fixed,8,42240,5280,0.169,0.125,21.818,0.074,11.59,4.46,5.41,84.2,30.1,6.55
285,heuristic_min_queue,8,39600,4950,1.385,0.099,23.273,0.078,11.74,4.48,5.49,80.6,35.7,5.94
285,heuristic_expected_wait,8,39360,4920,1.308,0.097,23.415,0.078,12.57,4.55,5.87,81,34.4,4.35
285,drl_ppo_agent,8,40080,5010,1.229,0.111,22.994,0.077,12.07,4.51,5.64,81.2,34.3,5.75
286,fixed,8,42240,5280,0.192,0.143,21.818,0.074,11.22,4.43,5.25,84,30.5,7.17
286,heuristic_min_queue,8,39600,4950,1.378,0.128,23.273,0.077,11.49,4.45,5.38,80.7,35.3,6.36
286,heuristic_expected_wait,8,39840,4980,1.285,0.114,23.133,0.077,11.02,4.41,5.17,81.1,34.2,7.34
286,drl_ppo_agent,8,39840,4980,1.351,0.098,23.133,0.077,11.81,4.48,5.52,80.6,35.8,6.03
287,fixed,8,42240,5280,0.215,0.125,21.818,0.075,12.12,4.51,5.65,84,30.6,5.67
287,heuristic_min_queue,8,40080,5010,1.228,0.118,22.994,0.077,11.88,4.49,5.55,81,35.1,6.06
287,heuristic_expected_wait,8,40080,5010,1.202,0.109,22.994,0.077,12.03,4.5,5.62,81.1,35,5.81
287,drl_ppo_agent,8,39600,4950,1.252,0.102,23.273,0.077,11.87,4.49,5.55,81,35,5.72
288,fixed,8,42480,5310,0.194,0.155,21.695,0.074,12.31,4.52,5.74,83.9,30.8,5.35
288,heuristic_min_queue,8,40320,5040,1.152,0.128,22.857,0.077,11.1,4.42,5.2,81.3,34.5,7.35
288,heuristic_expected_wait,8,39360,4920,1.384,0.147,23.415,0.078,11.74,4.48,5.49,80.9,34.4,5.73
288,drl_ppo_agent,8,39600,4950,1.433,0.1,23.273,0.077,11.74,4.48,5.49,80.6,35.2,5.94
289,fixed,8,42000,5250,0.24,0.132,21.943,0.074,11.66,4.47,5.45,83.9,30.8,6.43
289,heuristic_min_queue,8,39840,4980,1.448,0.119,23.133,0.077,11.78,4.48,5.51,80.6,35,6.08
289,heuristic_expected_wait,8,39600,4950,1.443,0.107,23.273,0.078,11.97,4.5,5.6,80.6,35.3,5.55
289,drl_ppo_agent,8,39840,4980,1.379,0.121,23.133,0.077,11.52,4.46,5.39,80.6,35.7,6.51
290,fixed,8,42480,5310,0.222,0.124,21.695,0.074,11.42,4.45,5.34,83.9,30.8,6.83
290,heuristic_min_queue,8,40320,5040,1.296,0.116,22.857,0.076,12.45,4.54,5.81,81,34.6,5.11
290,heuristic_expected_wait,8,40080,5010,1.231,0.102,22.994,0.077,11.53,4.46,5.39,81.1,34.8,6.64
290,drl_ppo_agent,8,39840,4980,1.324,0.132,23.133,0.077,11.9,4.49,5.56,80.8,35.4,5.88
291,fixed,8,42000,5250,0.229,0.144,21.943,0.074,13.22,4.6,6.15,83.8,31.2,3.84
291,heuristic_min_queue,8,39840,4980,1.296,0.115,23.133,0.077,12.76,4.57,5.95,81,34.5,4.45
291,heuristic_expected_wait,8,39360,4920,1.506,0.094,23.415,0.078,11.92,4.49,5.57,80.4,35.5,5.42
291,drl_ppo_agent,8,39600,4950,1.362,0.111,23.273,0.077,12.16,4.51,5.68,80.7,35.3,5.24
292,fixed,8,41760,5220,0.218,0.154,22.069,0.075,12.39,4.53,5.78,84.1,30.2,5.21
292,heuristic_min_queue,8,40320,5040,1.344,0.112,22.857,0.076,10.65,4.38,5,80.9,34.9,8.1
292,heuristic_expected_wait,8,39840,4980,1.275,0.109,23.133,0.077,11.22,4.43,5.25,81,34.7,7.02
292,drl_ppo_agent,8,40080,5010,1.234,0.112,22.994,0.077,11.43,4.45,5.35,81.2,34.5,6.8
293,fixed,8,42000,5250,0.274,0.134,21.943,0.075,11.92,4.49,5.57,83.8,30.9,5.99
293,heuristic_min_queue,8,40560,5070,1.214,0.101,22.722,0.076,11.43,4.45,5.35,81.3,34.3,6.82
293,heuristic_expected_wait,8,39840,4980,1.281,0.091,23.133,0.078,11.41,4.45,5.34,81,34.6,6.69
293,drl_ppo_agent,8,39840,4980,1.238,0.117,23.133,0.077,11.77,4.48,5.5,81,35.1,6.1
294,fixed,8,42000,5250,0.273,0.137,21.943,0.075,11.92,4.49,5.56,83.6,31.4,6
294,heuristic_min_queue,8,40080,5010,1.351,0.107,22.994,0.077,11.74,4.48,5.49,80.9,34.8,6.3
294,heuristic_expected_wait,8,40560,5070,1.214,0.082,22.722,0.077,11.9,4.49,5.56,81.2,34.6,6.02
294,drl_ppo_agent,8,39360,4920,1.447,0.148,23.415,0.078,11.33,4.44,5.31,80.6,35.2,6.4
295,fixed,8,42240,5280,0.289,0.142,21.818,0.074,12.35,4.53,5.76,83.8,30.8,5.29
295,heuristic_min_queue,8,40320,5040,1.219,0.089,22.857,0.077,11.12,4.42,5.21,81.2,34.4,7.33
295,heuristic_expected_wait,8,40080,5010,1.313,0.082,22.994,0.077,11.85,4.49,5.54,80.7,35.7,6.11
295,drl_ppo_agent,8,38880,4860,1.64,0.113,23.704,0.078,11.63,4.47,5.45,80,36,5.48
296,fixed,8,42000,5250,0.198,0.126,21.943,0.075,11.8,4.48,5.51,84,30.4,6.21
296,heuristic_min_queue,8,39600,4950,1.316,0.129,23.273,0.078,11.12,4.42,5.21,81,34.6,6.97
296,heuristic_expected_wait,8,39840,4980,1.227,0.092,23.133,0.077,12.52,4.55,5.84,81.2,34.5,4.86
296,drl_ppo_agent,8,39600,4950,1.435,0.126,23.273,0.077,11.66,4.47,5.46,80.6,35.3,6.07
297,fixed,8,42000,5250,0.285,0.14,21.943,0.075,12.12,4.51,5.66,83.9,30.5,5.67
297,heuristic_min_queue,8,39840,4980,1.251,0.133,23.133,0.077,11.42,4.45,5.35,81.2,34.3,6.68
297,heuristic_expected_wait,8,39840,4980,1.297,0.11,23.133,0.078,11.85,4.49,5.54,80.9,34.9,5.97
297,drl_ppo_agent,8,39840,4980,1.301,0.113,23.133,0.078,11.9,4.49,5.56,80.9,34.9,5.88
298,fixed,8,42000,5250,0.209,0.15,21.943,0.075,11.81,4.48,5.52,83.7,31.8,6.18
298,heuristic_min_queue,8,40080,5010,1.196,0.108,22.994,0.077,11.14,4.42,5.22,81.3,34.1,7.28
298,heuristic_expected_wait,8,39360,4920,1.371,0.126,23.415,0.078,12.35,4.53,5.76,80.8,35.1,4.72
298,drl_ppo_agent,8,40320,5040,1.163,0.103,22.857,0.077,11.73,4.48,5.48,81.3,34.4,6.31
299,fixed,8,42240,5280,0.268,0.126,21.818,0.075,11.79,4.48,5.5,83.9,30.6,6.22
299,heuristic_min_queue,8,39600,4950,1.326,0.067,23.273,0.077,10.99,4.41,5.15,81.1,34.1,7.2
299,heuristic_expected_wait,8,40080,5010,1.16,0.076,22.994,0.077,11.73,4.48,5.48,81.4,34.1,6.31
299,drl_ppo_agent,8,39600,4950,1.418,0.13,23.273,0.078,11.17,4.43,5.23,80.7,34.9,6.89
300,fixed,8,41520,5190,0.316,0.14,22.197,0.075,12.08,4.5,5.64,83.7,31.1,5.74
300,heuristic_min_queue,8,40320,5040,1.218,0.121,22.857,0.076,11.21,4.43,5.25,81.2,34.5,7.18
300,heuristic_expected_wait,8,40080,5010,1.16,0.117,22.994,0.077,11.74,4.48,5.49,81.4,34.1,6.29
300,drl_ppo_agent,8,39840,4980,1.358,0.126,23.133,0.077,12.49,4.54,5.83,80.8,35.2,4.91